-- The data of the database named 'nblog_portal'.
-- The date taken is 12-10-2012.
SET FOREIGN_KEY_CHECKS=0;
SET SQL_MODE="NO_AUTO_VALUE_ON_ZERO";


INSERT INTO `admins` (`admin_id`, `username`, `name`, `user_status`, `password`, `email_address`, `role_id`, `last_login`, `create_date`, `update_date`, `create_by`, `update_by`) VALUES
  (1, 'admin', 'admin', 'active', 'a6749306e5f806c0e282acec9c7f8fd83acb8468', 'speedplusnetwork@gmail.com', 0, '2012-10-09 20:43:32', '2012-06-19 00:00:00', '2012-09-18 13:17:15', 0, 1);

INSERT INTO `blogs` (`blog_id`, `blog_category_id`, `post_type`, `status_id`, `status`, `episode_id`, `episode_number`, `title`, `description`, `permalink`, `is_published`, `is_post`, `is_selected`, `sticky_on_home_page`, `publish_date`, `viewed`, `featured_image`, `create_date`, `update_date`, `create_by`, `update_by`, `last_modaretion_date`, `last_modarate_by`) VALUES
  (107, 7, 'blog', 0, 'admin-trash', 0, '', 'নক্ষত্র ব্লগের প্রথম পোস্ট। ', '<p>\r\nএটি একটি পরীক্ষামুলক পোস্ট। আপডেট জানার জন্য নোটিশে চোখ রাখুন।<br />\r\nধন্যবাদ	\r\n</p>\r\n', '107', 0, 0, 0, 0, '0000-00-00 00:00:00', 82, '', '2012-09-18 13:27:07', '0000-00-00 00:00:00', 17, 0, '2012-09-27 09:33:38', 1),
  (108, 8, 'blog', 0, 'publish', 0, '', 'প্রেমে তবু মধুর যাতনা আছে দ্রোহে আমাদের দেশে কিচ্ছু নেই', '<p style="margin-left: 40px;">\r\n	<span class="userContent">কেঁচো হয়ে বাঁচো, পাবে মৃত্তিকার ঘ্রান<br />\r\n	নয়তো মেরুদন্ডহীন সর্পের মতো<br />\r\n	দুর্বার গতি আর জীবন নাশের শক্তি<br />\r\n	তোমার করতল গত চিরকাল।<br />\r\n	<br />\r\n	বেঁচে থাকো বানরের মত<br />\r\n	তোমায় দেখে পুলকিত হবে মানব কুল<br />\r\n	তাতে দেখে নিও তৃপ্তি পাবে তুমি<br />\r\n	এটো জল ভালোবাসো গন্ডারের মত<br />\r\n	কারো চিতকারে কি আসে যায়?</span></p>\r\n<p style="margin-left: 40px;">\r\n	তুমি বেঁচে থাকো নিজের মত করে।</p>\r\n<div class="text_exposed_show" style="margin-left: 40px;">\r\n	<br />\r\n	<span class="userContent">নতুবা প্রেম করো শুয়োয়ের মত<br />\r\n	মেতে থাকো বিষ্টা নিয়ে।<br />\r\n	বিষ্টার গন্ধে খুজে নাও জীবনের সুখ<br />\r\n	মানুষ হয়োনা যেন।<br />\r\n	<br />\r\n	মানব কুল আজ বড় দিশেহারা<br />\r\n	তারা প্রেমে পড়ে, তারা দ্রোহে মরে<br />\r\n	পাওয়ার তাগিদে মরে, না পাওয়ার ব্যথায় কাঁদে।<br />\r\n	তারা মরে ভালবেসে, মরে যায় দ্রোহে।<br />\r\n	&quot;প্রেমে তবু মধুর যাতনা আছে<br />\r\n	দ্রোহে আমাদের দেশে কিচ্ছু নেই!&quot;<br />\r\n	প্রতিদান হীন কষ্ট যাতনা বিনে।</span></div>\r\n', '108', 0, 0, 1, 0, '0000-00-00 00:00:00', 68, 'Array', '2012-09-18 13:52:23', '2012-09-18 14:15:48', 18, 18, '2012-09-23 20:27:21', 1),
  (109, 7, 'blog', 0, 'admin-trash', 0, '', 'তথ্য প্রযুক্তিতে বাংলাদেশের', '<p>\r\n	&lt;script&gt;document.write(&quot;OK&quot;)&lt;/script&gt;</p>\r\n', '109', 0, 0, 0, 0, '0000-00-00 00:00:00', 47, '', '2012-09-18 14:27:40', '0000-00-00 00:00:00', 16, 0, '2012-09-23 20:11:35', 1),
  (110, 9, 'blog', 0, 'admin-trash', 0, '', 'SEO for Bangladeshi', '<p>\r\n	&nbsp;</p>\r\n<p style="margin: 15px 0px; padding: 0px; border: 0px; outline: 0px; font-size: 14.44444465637207px; vertical-align: baseline; color: rgb(26, 26, 26); font-family: Signika, sans-serif; line-height: 22.38888931274414px; ">\r\n	It will be a great place to start SEO in Bangladesh. I have discovered few points for my thoughts.</p>\r\n<h2 style="margin: 10px 0px 13px; padding: 0px; border: 0px; outline: 0px; font-size: 21px; vertical-align: baseline; color: rgb(6, 59, 89); line-height: 1.5em; font-weight: 100; font-family: Signika, sans-serif; ">\r\n	Why you will start your website&rsquo;s SEO in Bangladesh?</h2>\r\n<p style="margin: 15px 0px; padding: 0px; border: 0px; outline: 0px; font-size: 14.44444465637207px; vertical-align: baseline; color: rgb(26, 26, 26); font-family: Signika, sans-serif; line-height: 22.38888931274414px; ">\r\n	See the points below which will help you to think about your website&rsquo;s traffic.</p>\r\n<ul class="bullet_arrow2" style="margin: 0px 0px 0px 30px; padding-right: 0px; padding-left: 0px; border: 0px; outline: 0px; font-size: 14.44444465637207px; vertical-align: baseline; color: rgb(26, 26, 26); font-family: Signika, sans-serif; line-height: 22.38888931274414px; ">\r\n	<li style="margin: 7px; padding: 0px 0px 0px 25px; border: 0px; outline: 0px; font-size: 14.44444465637207px; vertical-align: baseline; background-image: url(http://www.shahariaazam.com/wp-content/themes/dandelion/images/arrow2.png); background-color: transparent; list-style: none; line-height: 18px; background-position: 0px 0.2em; background-repeat: no-repeat no-repeat; ">\r\n		Low competition</li>\r\n	<li style="margin: 7px; padding: 0px 0px 0px 25px; border: 0px; outline: 0px; font-size: 14.44444465637207px; vertical-align: baseline; background-image: url(http://www.shahariaazam.com/wp-content/themes/dandelion/images/arrow2.png); background-color: transparent; list-style: none; line-height: 18px; background-position: 0px 0.2em; background-repeat: no-repeat no-repeat; ">\r\n		<img alt="" src="http://i3.ytimg.com/vi/2PtQJao5vks/mqdefault.jpg" style="width: 320px; height: 180px; " /><br />\r\n		In Bangladesh you can get your site high because of low competition because most of the popular websites aren&rsquo;t practicing SEO or implementing SEO strategy yet!! So it&rsquo;s your chance to do SEO for your website before the techniques smells out for other popular website.</li>\r\n</ul>\r\n', '110', 0, 0, 0, 0, '0000-00-00 00:00:00', 20, 'Array', '2012-09-18 14:43:33', '0000-00-00 00:00:00', 16, 0, '2012-09-21 12:48:28', 1),
  (111, 7, 'blog', 0, 'publish', 0, '', 'হায় বিটিভি............... ', '<p>\r\n	<span style="color: rgb(51, 51, 51); font-family: ''lucida grande'', tahoma, verdana, arial, sans-serif; font-size: 13px; line-height: 17px; ">বিটিভি এটা কি ধরনের রসিকতা শুরু করল আমাদের সাথে? ...... বাচ্চারা খালি গণতন্ত্র গণতন্ত্র করে গলাবাজি করে, এখনতো গণতন্ত্র মানে হল জনগণকে পিষ্ট করার যন্ত্র.................. :@</span></p>\r\n', '111', 0, 0, 1, 0, '0000-00-00 00:00:00', 91, '', '2012-09-19 03:56:21', '0000-00-00 00:00:00', 21, 0, '2012-09-25 09:38:29', 1),
  (112, 7, 'blog', 0, 'publish', 0, '', 'এ গোলামী আর কত দিন', '<p>\r\n	কথায় আছে রাজনীতি মানে রাজার নীতি। রাজা রাজ্য পরিচালনার জন্য প্রজাদের কল্যানে নীতি প্রয়োগ করেন। আসলে সেটাই রাজনীতি। এইটা হইলো সাধারন কথা। কিন্তু এখন আর সেই দিন নাই। রাজাও নাই প্রজাও নাই। কিন্তু রাজনীতি আছে। সময়ের ব্যবধানে মানুষ নিজেরে সভ্য দাবী করলেও কতখানি হইতে পারছে সেইটা বিবেচ্য বিষয়। কারন রাজনীতি এখন আর রাজকীয় ব্যপারে সীমাবদ্ধ নাই। ক্ষমতাসীনের সর্বোচ্চ নেতা থেইকা শুরু কইরা পাড়ায় মুদিদোকানদারও এখন রাজনীতি করে। তাতে রাস্ট্রের কোন উপকার হোক আর না যে দিকে মেঘ সেই ছাতা ধরার রাজনীতি তারা নিজেরা লাভবান হইতেছ&nbsp; তাতে কোন সন্দেহ নাই। আমরা বাঙ্গালী। দেশ প্রেম অন্তরে যাই থাকুক প্রতিক্রিয়াশীল হইতে দেশ প্রেম না থাকলেও চলে। প্রতিক্রিয়ার গতি এত বেশী বোজার উপায় নাই এইটা দেশ প্রেম নাকি নিজ প্রেম। তবে আমরা এদিক দিয়া আবার বেশী চালাক। মেঘের বিপরীতে যে ছাতা ধরি আর তেলা মাথায় তেল তালি এই টা প্রমান হইতেও বেশী সময় লাগেনা। আসলে মুদিদোকানীর আর কি দোষ? রাজারা আগে রাজা ছিল এখনো আছে। দেশ চলে সরকার নামের অঘোষিত রাজা দিয়া যারে তার অনুসারী প্রজারা ভোট নামক সমর্থন দিয়া রাজা বানায়।&nbsp; প্রতিটি প্রজাই নিজের রাজার গুনগান নিয়া ব্যস্ত। রাজা কোন দোষ করলে তার চোখে ধরা পড়েনা। কারন আসলে বাঙ্গালীর রক্ত নাকি দুষিত হয়া গেছে। চুম্বুকের সাথে লোহা ঘষলে যেমন লোহাটা চুম্বুকের মত আচরন করে ঠিক তেমনি গোলামী প্রিয় বাঙ্গালী জাতি গোলামীর কাজ ঠিক মত করতে পারে। যেই যে গোলামীর করার অভ্যাসটা বৃটিশরা কইরা দিয়া গেছে,বৃটিশ গেছে,&nbsp; দিনও গেছে কিন্তু গোলামী করার সভাব যায় নাই। আমরা একটা সাধীন জাতি। আমাদের যে যার নুন খাই তার গুন গাওয়ার মত গোলামীর দিন নাই, কিংবা সত্যকে সত্য আর মিথ্যা বলার দিন আছে&nbsp; সেইটা মনে করার চেস্টা করিনা।</p>\r\n<p>\r\n	&nbsp;</p>\r\n', '112', 0, 0, 1, 0, '0000-00-00 00:00:00', 40, '', '2012-09-19 06:20:44', '0000-00-00 00:00:00', 18, 0, '2012-09-19 06:22:48', 1),
  (113, 7, 'blog', 0, 'publish', 0, '', 'বেগুন বাড়ী বস্তিতে ভয়াবহ আগুন', '<p>\r\n	আজ সকালে বেগুন বাড়ী বস্তিতে ভয়াবহ আগুণ লেগেছে। কয়েক শত বাড়ি ঘর পুড়ে গেচে। ঘর হারা হয়েছে কয়েক হাজার মানুষ। দমকল বাহিনী পৌছে আগুণ নেভানোর চেস্টা করচে। ধারনা করা হচ্ছে&nbsp; কারো মনে দুখের আগুন থেকে এই আগুন কান্ডের সুত্রপাত।</p>\r\n', '113', 0, 0, 0, 0, '0000-00-00 00:00:00', 27, '', '2012-09-20 01:10:57', '0000-00-00 00:00:00', 26, 0, '2012-09-20 01:11:40', 1);
INSERT INTO `blogs` (`blog_id`, `blog_category_id`, `post_type`, `status_id`, `status`, `episode_id`, `episode_number`, `title`, `description`, `permalink`, `is_published`, `is_post`, `is_selected`, `sticky_on_home_page`, `publish_date`, `viewed`, `featured_image`, `create_date`, `update_date`, `create_by`, `update_by`, `last_modaretion_date`, `last_modarate_by`) VALUES
  (114, 8, 'blog', 0, 'publish', 0, '', 'যে চিঠি শুধু লেখার নদীতেই ভেসেছিলো সময়ের নৌকা হয়ে', '<p>\r\n	<a href="http://media.somewhereinblog.net/images/thumbs/aruddho007_1269596703_1-8888888888888888888888888888888.gif" target="_top"><img alt="" src="http://media.somewhereinblog.net/images/thumbs/aruddho007_1269596703_1-8888888888888888888888888888888.gif" style="width: 373px; height: 414px" /></a></p>\r\n<p>\r\n	&nbsp;</p>\r\n<p>\r\n	&nbsp;</p>\r\n<p>\r\n	মমি,</p>\r\n<p>\r\n	কি,রে তুই? &nbsp; চিঠিটা হাতে পেয়েই খুলে ফেললি;<br />\r\n	শোন; আমি প্রেম পত্র জাতীয় কিছু লিখিনি অত ভয় পাবার মতো কিছু নেই আমি নিত্যান্তই কাজ না থাকায় অবসরে বসে লিখেছি এই চিঠিটা। কেমন আছিস তুই? ভালো না থাকলেও তো বলবি ভালো আছিস এইটে তোর একটা বদস্বভাব।<br />\r\n	তুই কি,রে চিঠিটাকে এতো শক্ত করে ধরে রেখেছিস কেন ব্যাথা লাগেনা বুঝি ? আমি তো লিখার সময় খুব যত্ন করে লিখেছি আমি জানি তুই সবসময় চিঠি খুব মনযোগ দিয়ে পড়িস তাই তো যত্ন করে লিখা এই চিঠি তাই বলে ভাবিস না, আমি একেবারে গুরুত্বপূর্ণ কিছু লিখে পাতা ভরে ফেলেছি আমি কিন্তু বেশ কিছু বেহুদা কথার সমাহার দিয়ে সাজিয়েছি আজ।<br />\r\n	তুই আমাকে বলেছিলি আমি যেন ভালভাবে চলি; আমি তো সেই কবে থেকেই ভালো হয়ে গেছি তা কি তুই জানতি না; ইচ্ছে করে হলেও তো আমি আর খারাপ থাকতে পারছিনে।<br />\r\n	<br />\r\n	আমি অনেকটা সোডিয়াম লাইটের মতো প্রতিদিন একবেলা করে আমাকে প্রয়োজন হয়; আর তখন আমার কদর বেড়ে যায় তারপর সারাদিন আমার নিরব বসে থাকা; কেউ দেখেইনা। তোর মন খারাপ থাকলে আমি কারণ খুজি, কেন মন খারাপ ? তুই তো অনেক সময় বলিস না, আমি জানি আমার কাছে লুকানো আছে তোর অনেক কথা; জানিনা তবু কেন তুই অনেক কিছু চেপে যাস।<br />\r\n	আমি তো মনতাত্বিক নই যে তোর না বলা কথা গুলো উদঘাটন করতে পারবো; মাঝে মাঝে অনেকটা চেষ্টা চালাই কিন্তু পাইনা , তবে আমাকে কেন বলিস না? আমি কি মন খারাপ করা কারণ শুনলে কষ্ট পাবো; যদি পাই তবুও ভালো লাগবে; আমাকে বলিস কিন্তু ,কেন তোর মন খারাপ?<br />\r\n	<br />\r\n	আচ্ছা কালো রং কেন এতো প্রিয় তোর আমি তো জানি কালো রং শোকের, আমার জানা মতে তোর তো কোন শোক নেই। মা,বাবা,বোনদের নিয়ে তো তুই ভালই আছিস তুই বলেছিস বেশ কিছু লোক বলে তাদের প্রিয় রঙ নীল সত্যি কি তাই নাকি কষ্টটাকে আকঁড়ে ধরে বেঁচে থাকার ব্যার্থ প্রয়াস মাত্র; তুই তো জানিস এসব ভবনা নিয়ে ভাবতে গেলে আমার নিজের মাঝেও কষ্ট এসো জড়ো হয়। তাই আর আমি ভাবিনা তবে কালো রং কেন প্রিয় আমায় কি সেইটে বলবি,নে।<br />\r\n	<br />\r\n	তুই বলেছিলি যদি কখনো তোদের ওখানে যাই আমাকে নিয়ে ঘুড়বি; একটা সত্যি বলবো আমি মেয়েদের সাথে রিকসায় উঠেছি তবে সেটা নিত্যান্তই প্রয়োজনে কখনো এমন বেহুদা ঘোড়াঘুড়ি করবার জন্য নয়; তবে খুব বেশি যে প্রয়োজনেও উঠেছি তা কিন্তু নয়, এ যাবত কালে আমি তিনবার উঠেছি একদিন শ্যামা দি&rsquo;র সাথে; শ্যামা কে চিনতে পারিস নি বোধহয়, তোর অবিশ্যি চিনতে পারার কথা নয় আমার আপন না হলেউ পরিচিত এক কাকী&rsquo;র মেয়ে আমার থেকে তিন বছরের বড়ো, তার উপর আবার ইয়া মোটা এক রিকসার তিনভাগ তো তার দখলেই চলে গেছিল, আমি কাচুমাচু হয়ে বসেছিলাম সেটা বছর পাঁচেক আগের কথা।<br />\r\n	<br />\r\n	তারপরা আবার রিকসায় উঠেছিলাম দীপা&rsquo;র সাথে দীপা&rsquo;র কথা নিশ্চই মনে আছে তোর ওই যে হাজং মেয়েটি যে আমার বন্ধু হয়েছিলো কথা বলার দুই বছর পর, দু&rsquo;টো বছর এমনি এমনি কথা বললাম তারপর তার মনে হয়েছিলো আমি তার বন্ধু হতে পারি। দেখেছিস মেয়েদের বিচিত্র নমুনা; থাক্ তোকে আবার বেশি কিছু নমুনা দেখাতে গেলে ক্ষেপে যাবি। তো আমি ডিসেম্বরের শেষ দিনটিতে সকালে ওকে আনতে গেছিলাম সোপাদের বাসা থেকে প্রথমে তো আমি দু&#39; টো রিকসা ডাক দিয়েছিলাম; রিকসা দেখে বলল এ,কি আদিখ্যেতা আমার সাথে একসাথে যেতে কি সমস্যা তোমার, আমি বললাম না মানে তোমার পরিচিত কেউ দেখলে কি বলবে? এতো কথা না বলে রিকসায় উঠো।<br />\r\n	এমনিতেই শীতের সকাল তার উপর আমার প্রচন্ড কাশ হয়ে গেছিল্ রিকসায় বসে কাশতে কাশতেই আমি কখন যে গন্তব্য এসছিলাম নিজেই টের পাইনি দীপা বলেছিলো কি ব্যাপার অমন জড়োসড়ো হয়ে বসে আছো কেন?। আর এতো ঠান্ডা লাগালে কিভাবে? অষুধ কেননি? নিজের প্রতি তো খেয়াল দাওনি কখনো এতা উদাসীন হলে চলে।<br />\r\n	আমি বলেছিলাম যার জীবনটাই ভেসে ভেসে কেটে গেলো এতোটা কাল তার আর নিজের প্রতি খেয়াল দিয়ে হবেটা কি, আর তুমি তো জান আমার নিজের প্রতি কখনো মায়া ছিলনা আর কোনদিন হবে কি,না তাও তো বলতে পারিনা। নাহ্ সেদিন আমাকে রিকসা থেকে নামতে না দিয়েই নিজে নেমে গিয়ে ফার্মেসী থেকে আমার জন্য অষুধ কিনেছিলো। তোরা সবাই আমাকে একটু আধটু যে মন থেকে আপন ভাবিস ভালোবাসিস সেটা ভাবতেই আমার ভালোলাগে।<br />\r\n	<br />\r\n	তুই এতক্ষন পড়ে নিশ্চই বিরক্ত হচ্ছিস তিন নাম্বার ব্যাক্তির কথাটা আমি লিখছিনা কেন; ধীরে বন্ধু আমি লিখবো তার আগে বল এখন আপাতত হাতে কোন কাজ আছে? থাকলে সেটা করে এসে তারপর পড়; আর যদি রাতে নিঝুম একটা সময় পাওয়া যায় তাহলে পড়িস; কিরে তারপরও পড়ছিস আজ কাজ নেই মনে হয়।<br />\r\n	আচ্ছা তাহলে এবার তিন নাম্বার ব্যাক্তির কথাটা শোন সেই ব্যাক্তিটি আর কেউ নয় তোর পরিচিত একজন সে হলো; জানি কথাটা পড়েই বলবি আমি আগেই জানতাম? তৃতীয় ব্যাক্তিটি মিলি; কি,রে অমন বোকার মতো মুখ খানা করেছিস কেন? যে কিনা নারীদের কে ভাবতো অসাধারণ; দুর থেকে দেখা যায়, কিন্তু একসাথে চলা ওহ্ ! অসহ্য একেবারেই বিরক্তিকর। দেখ রাগিস না আবার ,আমি তোর রাগকে ভয় পাই।<br />\r\n	আমি যখন প্রথম দেখা করি ওর সাথে ও এমন ভাব ধরলো না যেন কতো দিনের চেনাজানা পরে অবশ্যি আমি একদিন জিজ্ঞাসা করেছিলাম; মিলি বলল আরে তখন পরিচয় পর্ব বলতে গিয়ে চারপাশে ভীড় জমে যেতো বুঝতে পারতো এটা প্রথম দেখা তুমি দেখনি গ্রামের লোকজন কেমন ভ্যাবাচাকা চোখে চাইছিল বারবার আমাদের দিকে। মিলি আমাকে হালকা ধমক দিয়ে রিকসায় উঠিয়েছিলো আমি উঠেই হাসছিলাম বোকার মতো আমাকে বলেছিলো হাসছি কেন; আমি বললাম আনন্দে।<br />\r\n	<br />\r\n	সেদিন রিকসা করে অনেকখানি পথ আমরা গেছিলাম; ওর তো পুরো শরীর মুখ বোরকায় আবৃত্ত;<br />\r\n	এই থাম . . . . . . . .মমি; দেখতো শব্দটা কি ঠিক লিখলাম কিনা আবৃত্ত হবে কি শব্দটা ? না হলে যা হয় তা দিয়ে পড়ে নিস। জানিস আমি একটা গানও গেয়েছিলাম ওর অবশ্যি গানে তেমন একটা রুচি ছিলনা, তুই হলে তো দারুন ইনজয় করতি; এই যা ইংরেজী শব্দ লিখে ফেললাম তুই বল এখানে উপভোগ্য লেখার চাইতে ইনজয় লিখে কি বেমানান লাগছে ? আমি জানি তুই মনে মনে বলছিস এক মিনিটের কথাটা তোকে পাচমিনিট ঘুড়িয়ে পড়িয়ে নিচ্ছি।<br />\r\n	সে, কি&rsquo; রে তুই সামনের দিকে তাকালি কেন চিঠি&rsquo;র দিকে চোখ রাখ। আমি রিকসা থেকে নেমেই টাকা দিলাম রিকসাওলাকে তারপর সেই সময় মনে হলো তোর কথা ফোন দিয়ে দেখি তোর সেলফোন বন্ধ।<br />\r\n	<br />\r\n	মমি একটু অপেক্ষা আমি একটু পানি খেয়ে নেই তারপর লিখি.............<br />\r\n	জানিস আমার ভীষণ ইচ্ছে করে, তোদের পরিচিত সেই কফি হাউসে গিয়ে একদিন জম্পেস আড্ডা দেবো ; আমাদের এ বাজারে কফি তো দুরে থাক ভালো চা পাওয়ায় দুস্কর। বাজারে যে নেসক্যাফে কফির প্যাকেট কিনতে পাওয়া যায় তা দিয়ে রোজ খাওয়া আমার সাধ্যের বাইরে সেইটে তো ভালো করেই জানিস; দেখিস এ কথা শুনে আবার তুই কফি কিনে পাঠাস না যেন। আমি কিন্তু তাহলে ওটা ফেরত পাঠাবো; তোর লেখা ইংরেজী চিঠি পড়তে গিয়ে আমার দাঁতখানিকটা আহত হয়েছে বাংলাই ভালো পারিনা আবার ইংলিশ। আচ্ছা তুই এতো ভীতু কেন্ বলতো চিঠিতে তো তোর কোন নাম বা ঠিকানা কিছুই দেসনি।<br />\r\n	<br />\r\n	আমি কিন্তু আজকাল নিজেকে তোর মতো গুটিয়ে নিতে শিখে গেছি বিজয় দিবসে আমার যে কবিতাটা পত্রিকায় বের হয়েছিলো তা পড়ে কেউ কেউ আবার খোজ করেছে কে সেই লেখক? তুই বল আমি কি পরিচয় দেওয়ার মতো সে রকম লোক হয়েছি! তা আবার আমার পাড়ার লোকেরা কিন্তু আজ অবদি জানেনা যে আমি অখ্যাত কোন এক বস্তাপচাঁ লেখুয়া। কি,রে রাগছিস ?........... না দোস্ত রাগ করেনা ললিপপ কিনে দেব তোমায়। বুঝতে পারছি তুই ভীষন রেগে গেছিস; ঠিক আছে আর পড়তে হবেনা; পড়ে পরিস...............।<br />\r\n	<br />\r\n	কি করছিস রে ? তখন চিঠি পড়ে রেগে গিয়েছিলি; চেয়েছিলি আমাকে একটা মস্তবড় ঝাড়ি দিবি তা আর হলোনা কারণ আমার সেলফোন টা আজ বন্ধ চার্জ নাই দেখিস ভাবিস নে যেন তোর ঝাড়ি&rsquo;র ভয়ে আমি সেলফোন বন্ধ করে রেখেছি, সত্যি বলছি চার্জ নেই জানি আমার কথা তোর বিশ্বেস হচ্ছে না। মিথ্যে কথা আমি খুব একটা বলিনা তবে প্রায়ই একটা মিথ্যে বলতে হয় আর সেটা হলো আমার দুপুরের খাওয়া; আমি তো প্রায়ই দুপুরে খাইনা কিন্তু যখন জিজ্ঞেস করিস আমি তো মিথ্যে বলি; তবে প্রতিদিন না; আমি আসলে বলতে চাইনা, কিন্তু তুই কিংবা মিলি তো নাছোরবান্দা খাইনি জানলে আর রক্ষে নেই।<br />\r\n	<br />\r\n	<br />\r\n	কি,রে খারাপ লাগছে আমার কথা শুনে, তোর মনে আছে একদিন বলেছিলি তুই কখনো সামনা সামনি কোন ছেলেকে কাদঁেত দেখিস নি তবে যা পেয়েছিস তা, আবার সেলফোনে তাও আবার সেটা আমার কান্না; আমি দু&rsquo;টো জিনিস ভালো করে পারিনা সেটা হলো কাদঁতে আর মিথ্যে বলতে; দু&rsquo;টোতেই আমার অস্বস্তি বোধ হয়। তবে আমি এবার কথা দিচ্ছি এখন খুব কম চেষ্টা করবো কথা না রাখতে! জানি এবারো তোর মন মানছে না আমি কি করবো বল ?<br />\r\n	আচ্ছা ঠিক আছে আর এমন হবেনা !<br />\r\n	<br />\r\n	জানিস এখনো আমার মনের পটে ভাসে তোর সাথে প্রথম যেদিন কথা হয়েছিলো সে দিনটির কথা। আমি তখন শ্যাওলা ঢাকা পুকুর পাড়টায় দাড়িয়ে ছিলেম ,সে রাতে আকাশে চাঁদ ছিলনা , অন্ধকারে হাটতে গিয়ে বোধহয় দু একবার হোচট খেয়েছিলাম ,একবার হাত ফসকে সেল ফোনটাও পড়ে গেছিলো।<br />\r\n	রাতে লুকিয়ে কথা বলার জন্য পুকুর ঘাটই আর সেই ভুতোমার্কা তালগাছই আমার একমাত্র ভরসা ছিলো। এক মেসেজে তুই লিখেছিলি তালগাছ থেকে পেত্নিপ্রিয়া এসে নেমে আমার ঘাড় মটকাবে; সত্যি বলতে কি জানিস সেই তের বছর বয়স থেকেই রাত দুটো তিনটে পর্যন্ত বসে থেকেছি তালগাছ তলায় কিন্তু একদিনও পেত্নি প্রিয়তমার দেখা পাইনি বুঝলি ! এইটে আমার আফসোসও বলতে পারিস।<br />\r\n	<br />\r\n	সে রাতে পুকুর ঘাটে আমি বসে বসে কথা বলছিলাম কিন্তু কার সাথে যে বলছিলাম তা আজ এ অবেলায় ঠিক মনে করতে পারছিনা , সেদিন আমি খুব জম্পেশ মুড নিয়ে আমি কথা বলছিলাম; সেলফোনে কল ওয়েটিং অন থাকায় একটু পর পর অচেনা নাম্বার থেকে মিসড্ কল আসছিলো একবার ,দু&rsquo;বার এভাবে প্রায় পনের ষোল বার চলে আসছিলো আমার সহ্যের বাধ ভেঙ্গে গেছিলো এখানে একটা কথা না বললেই নয় তুই জানিস আমার অনেক সহ্য ক্ষমতা তবে কেন সেদিন আমার এতো অল্পতেই এমন হলো সেটা আমি নিজেই জানিনা তাই তড়িঘড়ি করে আমি কথা বলা শেষ করেই অচেনা সেই নাম্বারে দিলাম কল;<br />\r\n	<br />\r\n	আমি একটু অবাক হয়েছিলাম তোর সিমে &ldquo;আমার টিউন&rdquo; সেট করা ছিলো আর টিউনটা আমার প্রিয় গানেরই কয়েকটা কলি ভাবলাম ফোন রিসিভ না করলেও সমস্যা নেই শুনতো তো ভালই লাগছে কিন্তু না; এ,যে বিধি বাম তুই আচমকা ফোন রিসিভ করে বস্লি আর শুনে ফেললি আমার কাক কন্ঠে গাইছি তোর টিউনে সেট করা গানটি;<br />\r\n	তারপর ; আহামরি সে বিস্ময় যথারীতি হাই হ্যালো; নিজের নাম বলতে গিয়ে তোর যতো আপত্তি; জানিনা কি কারনে সেদিন অমন করছিলি তবে সেদিন তোর লুকোচুরি কথা আমার ভালই লেগেছিলো।<br />\r\n	আচ্ছা বন্ধুত্ব করতে চাইলে গান গাওয়া জানতে হবে এ রকম আজিব সিস্টেম তুই কোত্থোকে পেলি ,নাকি তোর নিজের সিষ্টেম এটা। আমি গান প্রিয় মানুষ হলেও গান গাওয়ার কোন চেষ্টা আমি কখনো করিনি আর আমাদের বংশে কেউ কোন কালে গান শিখেছিলো কিনা তাও জানা নেই। আমি গান প্রিয় মানুষ হলেও গান শেখার চেষ্টা কখনো করিনি; তবে আমরা সবাই কিন্তু কমবেশি বাথরুম সিঙ্গার।<br />\r\n	তুই যেমন আমার বাশ মার্কা গলায় গান শুনতে চাস সেরকম কিন্তু কেউ চায়না। এটা মাঝে মাঝে ভাবি ,কিন্তু আজকাল আর এই বাশ মার্কা গলায় গাইতে পারিনা কষ্ট হয়।<br />\r\n	আমার কথা শুনে চোখ বড় করলি কেন! আমাকে কি আচঁড় কাটতে ইচ্ছে করছে তোর ; আমি বুঝতে পারছি ভীষণ রকমের ইচ্ছে করছে কিন্তু এখন কি করবি আমি যে শত মাইল দুরে। মনে মনে বলছিস যাহ্ শালা তোকে আর গান গাইতেই হবেনা; অত্ত তোষামদি করতে পারবোনা বাপু, আর হাত কচলে বলছিস আজকাল আমি বড্ড ধারিবাজ হয়েছি; তুই গান গাওয়ার কথা বললেই আমি বিভিন্ন অজুহাত দেখাই এই যেমন, আশে পাশে লোক আছে, আমি এখন ষ্টুডিও তে, রুমে মা বসে আছে, নীরব কষ্টে আছি; এইসব এই জাতীয় অজুহাত আমারা পুরোনো হয়ে গেছে তাইনা। ভাবছি নতুন কি অজুহাত দেয়া যায়, কি বলিস?<br />\r\n	<br />\r\n	তবে মাঝরাতে আমার বাশমার্কা নিচু গলায় গান শোনাতে গিয়ে কম বিপত্তিতে যে পড়িনি তা কিন্তু নয়। ওই যে সেবার পুজার আগে দাদা বাসায় এলো তুই কিন্তু সেটা জানতিস; রাতে দু&rsquo;জন একসাথে ঘুমিয়েছি ,মনে হয় রাত তখন দুইটে কি আড়াইটে বাজে; হঠাৎ আমার ঘুম ভাঙ্গতেই তোকে দিলাম কল ভাবলাম তুই ঘুমিয়ে গেছিস কিন্তু কি সর্বনাশ তুই মিসড্ পেয়েই সাথে সাথে কলব্যাক করেছিস ; একবার ভাবলাম ধরবো না আবার মনে পড়লো না ধরলে সকালে আমাকে মস্ত ঝাড়ির সম্মুখিন হতে হবে তারচেয়ে কথা বলি; কিন্তু কে জানতো এমন হবে।<br />\r\n	প্রথমে ফিসফিস করে কথা ভালই চলছিলো বিপত্তি বাধলো যখন মাঝ রাতে বলে বসলি তোকে গান শোনাতে হবে!<br />\r\n	<br />\r\n	আমি তোকে কতো বোঝালাম কিন্তু কে শোনে কার কথা তোকে বললাম আমার প্রবলেম আছে কিন্তু সেটা বুঝেও তো বুঝবি না সেটা বুঝতে পারলাম।<br />\r\n	শেষ পর্যন্ত আমি গাইলাম কথায় আছেনা যেখানে বাঘের ভয় সেখানেই রাত হয়। আমার হলো সেই দশা গান মনে হয় পুরোটা শেষ করতে পারিনি। দেখি পাশ থেকে দাদা উঠে বসেছে; আমি ভয়ে ফোনের লাইন দিলাম কেটে এক চাপে ফোন অফ; নিশ্বাস বন্দ করে মরার মতো পড়ে রইলাম।<br />\r\n	<br />\r\n	দাদা উঠে রুমের লাইট অন করলো মনে মনে ভাবলাম আজ আমার প্রেষ্টিজ আকাশের ঘুড্ডি হলো। দাদা আমাকে ডাকলো কি হয়েছে তোর স্বপ্ন দেখছিলি নাকি ঘুমের মধ্যে গান গাইছিলি কেন; ঘাপটি মেরে পড়ে রইলাম যেন গভীর ঘুমে অচেতন। দাদা আবার ডাকলো কি,রে উঠ আমি চোখ কচলে উঠে বসলাম ভাব মেরে বললাম কি হয়েছে, যেন এই মাত্র আকাশ থেকে পড়েছি। দাদা বললো ঘুমের মাঝে গান গাইছিস এইসব হচ্ছেটা কি? আমি ও তাই নাকি কি জানি সারাদিন গান শুনিতো তাই হয়তো স্বপ্নে গান গাইছিলাম। দাদা বললো মারবো এক থাপ্পর তাহলে গানের ভূত ছোটে যাবে।<br />\r\n	এবার তুই বল আমার কি অবস্থা; দেখিস আবার ভুল বোঝিস না যেন।<br />\r\n	তোকে তো আমি আগে একদিন বলেছিলাম । আমি তোকে যতখানি বিশ্বাস করি কিংবা আমি তোকে যতখানি ভয় পাই মনে হয়না আর কেউ তোকে এতো ভয় পায় কিংবা তোকে বিশ্বাস করে; সব কিছু বলে দেয় শেষে আমার মতো হ্যাবলাকান্ত হয়ে যায়।<br />\r\n	আর মাঝে মাঝে তোর ঝাড়ির দুর্দান্ত শিকার হয়।<br />\r\n	<br />\r\n	তবে একটা কথা স্বীকার না করলেই নয় আমার মতো এই গেয়ো ভূতের জন্য সোসাইটি গার্ল হয়েও তুই যতখানি সেক্রিফাইস করিস সেইটে মনে হয় আর কেউ করেনা। জানি কথাটা পড়ে ঠোট উল্টে বলছিস মিথ্যে বললাম তোর চেয়ে অপূর্ন কিংবা মিলি আপু আমাকে সেক্রিফাইস করে বেশি কিন্তু ভূল ওরা আমাকে ভালবাসে ঠিক আছে; কিন্তু কথায় আছে না নাগিনী ছোবল দিলে হয়তো বাচার কোন সম্ভবনা থাকে কিন্তু নারী ছোবল দিলে বাচাঁর কোন সম্ভবনা নেই;সেটা সারা জীবন ভর জ্বালায় পোড়ায় দিনের পর দিন কাটে সে দুঃসহ্য যন্ত্রণা।<br />\r\n	<br />\r\n	আমি উপরের লাইনটা পুর্ন করে লিখলাম না কারণ তোর আস্তে আস্তে আবারো রাগ চরমে উঠছে! প্লিজ শান্ত হো দোস্ত রাগ করিস না তুই রাগ করলে আমি বাশমার্কা গলায় গান শোনাবো কাকে বল ?<br />\r\n	আচ্ছা তুই বলতে পারিস আমার মতো এমন মানুষ তুই পাবি কোথাও। পাবি না; কেননা আমার মতো করে তোকে এভাবে ক্ষণে ক্ষণে রাগাতে পারবেনা কেউ; পারবেনা তোকে হাসাতে; কখনোবা ইচ্ছাকৃত কষ্টের দূয়ার থেকে তোকে ঘুড়িয়ে আনতে কেউ পারবেনা।<br />\r\n	কেউ পারবেনা ইলশে ঘুড়ি বৃষ্টিতে ভিজে ভিজে তোকে কবিতা শোনাতে; পারবেনা কেউ প্রচন্ড শীত কে আগ্রাহ করে তোকে গান শোনাতে কিংবা প্রচন্ড রোদ্রে মিছিমিছি ঘুড়ে তোকে গল্প শোনাতে; কেউ পারবেনা খুব বেশি রাগ করেও হাসিমুখে আবার তোর সাথে কথা বলতে। কেউ পারবেনা তোকে ভালো জগতে ফিরিয়ে আনতে প্রতিজ্ঞা করতে নিজের জীবনে কে জড়াতে তোর সাথে। আমাদের এ বন্ধুত্বের সম্পর্কে তোর অবদান যে কম তাও কিন্তু নয়।<br />\r\n	<br />\r\n	আমার মনে হয় তোর অবদান আছে অনেক ; পরিবারের সবার চোখ ফাকি দিয়ে রাতদুপুরে কথা বলতে। মা, বাবা&rsquo;র শাসন কে উপেক্ষা করে আমর সাথে সম্পর্ক টিকিয়ে রাখতে; পারিবারিক এ্যালবাম থেকে তুই বেড়িয়ে এসে আমাকে বন্ধু বলে কাছে ডেকেছিস সেইটে কি কম।<br />\r\n	তুই বলতি ওরা ভালো কিছু বলতে জানে; যা হলো একগাদা নীতিবাক্য; যা আজকালকার ছেলেমেয়েরা সহজে মানতে চায়না। ভালো মানুষ হতে গিয়ে তারা নিজেরাই নিজেদের জ্ঞান গুলোকে কাজে লাগাতে চায় ; আর সেটা নাকি আমার কাছে আছে কিন্তু গাধী আমি তো অত বড় বড় কিতাব কখনো পড়িনি যা পড়ে তোকে কিছু জ্ঞান দিতে পারি তবে আমি মানুষকে ভালোবাসার মহামন্ত্র জানি ; জানি কিভাবে দুঃস্বপ্নের হাত থেকেও নিজেকে ফেরানো যায় কিভাবে নিঃশ্বেষ জীবনটাতেও স্বপ্ন দেখানো যায়। আমি ঘৃণা করতে জানিনা।<br />\r\n	<br />\r\n	কি,রে পড়তে পড়তে থমকে গেলি নাকি, ভাবছিস আমি তোকে বেশি বলছি না রে বোকা আমি তোকে খুব কমই বললাম। চিঠি পড়তে গিয়ে মনে হয় একটু ভাবছিস ক্ষণে ক্ষণে তাই না দেখ বেশি ভাবলে চুল ধরে টান দেবো কিন্তু।<br />\r\n	আমি তোর সবচেয়ে অন্যরকম বন্ধু সেটা তুই জানিস, আমার পরিচয় দেবার মতো কিছুই নেই, নেই কোন ব্যকগ্রাউন্ড। তারচেয়ে সত্যি কথা হলো আমি ও রকম হ্যাংলাটে ছেলেদের মতো হতে পারিনি, মেয়েদের দিকে তাকিয়ে থাকতে পারিনা;নিজে যেচে কথা বলা;নারী ভুমিকা বর্জিত জীবনে নারীর প্রতি এখনো লজ্জা কাটিয়ে পারিনি; আর হয়তো কাটবেও না কারণ সে, সুযোগ আর হবেনা।<br />\r\n	তুই আমাকে বলেছিলি, আমি জীবনের প্রতি উদাসীন কেন? আচ্ছা তুই বল এ জীবনে কি পেয়েছি আমি! হাড়ভাঙ্গা খাটুনি খেটে এখনো মায়ের আচঁল তলে পড়ে আছি যে।<br />\r\n	<br />\r\n	আমার স্মৃতিশক্তি খুব প্রখর হলেও মেধা কাটাতে পারিনা আজকাল ধীরে ধীরে আমি মিইয়ে যাচ্ছি,ছোটবেলা থেকে ডাক্তার বা ইঞ্জিনিয়ার হওয়ার স্বাদ আমার কখনো হয়নি। আমাদের বংশে কেউ কোন দিন দু&rsquo;কলম লিখেছে কি,না তার সন্দেহ আছে। প্রিয় কবি জীবনানন্দ; কবি বংশ পরস্পরায়; তার মা ছিলো কুসুম কুমারী দাশ, আর আমার মা; সেটা না হয় আজ নাই বললাম। আমার লেখা যখন যুগান্তরের পতায় প্রকাশ হলো; স্যার আমার হাত ধরে বলেছিলো এ,যে, গোবরে পদ্ম ফুল। আমার সমস্ত সাহিত্যকর্ম মানে কবিতা গল্পের ঝুলিটা যেদিন আগুনে পুড়িয়ে দিয়েছিলাম দীপা বলেছিলো তুমি এমন কেনো!! নিজের সৃষ্টি ধ্বংস করতে কষ্ট হয়না তোমার।<br />\r\n	<br />\r\n	অভি বলল কি সমস্যা তোমার ভাল না লাগে, আমাকে দিয়ে দাও আমি রাখবো , না সেদিন আমি কারো নিষেধ শুনিনি আমি একরোখা হয়ে ধ্বংস করে দিয়েছি সব। সবাই জানে এক কবিতা দু&rsquo;বার লেখা আমার পক্ষ্যে সম্ভব নয়। কারো জন্মদিনে আমি হয়তো দু&rsquo;ছত্র লিখে দিয়েছি, কেউ হয়তো বলেছে ভাই লাইনগুলো আমায় লিখে দাওনা; আমি পারিনা ভেতর থেকে চলে আসে আমার নতুন লাইন পুরোনোটা আর আসেনা।<br />\r\n	আমি সেই ছাত্র; যে স্কুল জীবনে শুধু পাঠ্য বই পড়ে উত্তর লিখতাম; আমি পরীক্ষার আগে কখনো বাংলা বই পড়তাম না আগের মাসে শুধু একটানা পড়ে যাওয়া তারপর পরীক্ষার খাতায় লিখে যাওয়া। স্যার বললেন এ রকম উত্তর তুমি কোথায় পাও আমি বলতাম বিষয় বস্তুর বাইরে তো লিখিনি। তোমার লেখা তো কোন নোটের সাথে মিলেনা; নোট দেখে লিখলে তো মিলবে স্যার। সেই আমি কোথায় হারিয়ে গেছি চুপসে গেছি। এখন মাখা খাটাতে পারিনা !!!!!!!!!!!!<br />\r\n	<br />\r\n	আজকাল দ্বীধাহীন অনেক কিছু করি; কষ্ট হয়না। আমি স্মোকিং করিনা। ছোটবেলায় রেড ওয়াইনের নাম শুনে বলেছিলাম ওটা ছাড়া ড্রিংকস্ নেবনা। আমাদের এ বাজারে ভালো কিছু না পাওয়া গেলেও রাম,ভদকা,সোডা,হুাইস্কি মেলে খুব সহজেই; যে ছেলেটির ছোটবেলায় চামচের অভাবে ভাঙ্গা ঝিনুকে দুধ খেয়ে অভ্যস্থ তার মুখে এমন কথা মানায় বল? কথায় আছেনা গরিবের টাট্টুঘোড়া দৌড়াবার শখ !! আচ্ছা তুই কখনো টাট্টুঘোড়া দেখেছিস ! মনে হয় না। আমিও দেখেনি।<br />\r\n	<br />\r\n	আজ কি আর সেই যুগ আছে বাবা,মা যার কাছে বিয়ে দেবে তাকেই বিয়ে করবে মেয়ে; সব মেয়েই চায় তার লাইফ পার্টনার হবে বুদ্ধিমান,স্মার্ট,হ্যান্ডসাম সর্বোপরি মানান সই। আমি কিন্তু তার ধারে কাছেও নেই সুন্দর্যতা বলতে কিছু আছে কি আমার মাঝে? নেই মিলি আমাকে দেখে হাসতে হাসতে অস্থির, অভি বলে আমি নাকি কালো সুন্দর,তাপ্পু কিংবা সুমন তো বলে এ জীবনে তোর গলায় মালা কে দেবে? আমি কি বলবো বল?<br />\r\n	তবে আমি যেটা পারি তর্ক করতে অঝতাই তর্ক একসময় চার দেয়ালে বন্দি থেকে কথা বলতাম কম কিন্তু এখন চারপাশে খোলা আকাশ পেয়ে আমি কথার ফুলঝুরি ফুটিয়েছি। আর তুই হলি সেই ব্যাক্তি যাকে আমি কথার খোচায় তিনশত পয়ষট্টি দিনে কমপক্ষ্যে ছয়শবার রাগিয়েছি!!! কি রে, সত্যি বলছি না তুই তো বলিস কাছে ফেলে খামচি দিয়ে আমার মাংস খুলে নিবি আর ডাইনোসরটা (রাত্রী) বলে ঘুসি মেরে নাক ফাটিয়ে দেবে আমার। আচ্ছা তোরা কি কখনো রেসলিং প্র্যাকটিস করতি নাকি।<br />\r\n	মমি থাম একটু পড়ে পর!<br />\r\n	<br />\r\n	চিঠি যখন লিখছি মোবাইলে তোর রিং বাজছে; আমি জানি রিসিভ করলেই তোর ঝাড়ি: কেননা কাল রাতে তোকে বলেছিলাম সুখে থাক তোর কাছের মানুষদের নিয়ে; একথা শুনলে তোর রাগ উঠে যায়!! তারপর আমি ফোন রাখার পর দেখি আর টাকা নেই যে কল করবো।<br />\r\n	তোর একটা বিষয়ের সাথে আমার মিল আছে দারুন ভাবে সেটা হলো ফেবারিট সিনেমা টাইটানিক আর সেলন ডয়েলের গাওয়া সেই বিখ্যাত গান<br />\r\n	every night in my dreams i see you i fill you......................................<br />\r\n	সত্যি ভালো লাগে গানটা আমি শুনি তন্ময় হয়ে</p>\r\n<p>\r\n	পরিশেষে,<br />\r\n	সবাই জানে তুই আমার সবচেয়ে ভালো বন্ধু আমার সবকিছু তোর জানা। এ কথাটা আমিও জানি; কিন্তু বন্ধু ; তুই কি এটা জানিস; তোদের জীবন নদীর বালুকা বেলায় আমি ছোট্ট নুড়ি পাথর মাত্র। যে পাথরটি জ্বলজ্বল করছে জ্বলছে সারক্ষণ;কিন্তু যদি কোন পথিকের পায়ের স্পর্শে আবার ডুবে যায় তো খুজে পাওয়া মুস্কিল হবে।<br />\r\n	আমি অনেক বড় চিঠি লিখে ফেলেছি রে জানি পড়তে পড়তে তোর হাত ব্যাথা করছে আর মনে মনে গালি দিচ্ছিস শালা<br />\r\n	চিঠি না লিখে পুরো গল্প লিখে পাঠিয়েছি। খেয়েদেয়ে আর কাজ পায়নি । আসলেই রে আমি তো একটা হাদারাম; খেয়েদেয়ে কোন কাজ নেই।<br />\r\n	<br />\r\n	জানিনা এ চিঠির কোন উত্তর পাবো কিনা। তবে চাইবো তোর ছোট একটা উত্তর বাকিটা তোর ইচ্ছা। তুই কি, রে হাই তুললি কেন ? ঘুম পাচ্ছে? এই রে সেরেছে; এই চিঠি পড়েই তোর ঘুম পাচ্ছে; সে,কি রে! যখন লাভ লেটার পড়তি ঘুম পেতোনা!! শালা ! ন্যাকামো হচ্ছে প্রেম পিরিতির আদিখ্যেতা দেখলে সবার গা জ্বলে আর আমার জ্বলে হাত; নিশপিশ করে চটাং করে চড় দিতে ইচ্ছে করে প্রেম নামক গাব গাছের বিচি নিয়ে এতো ফালাফালি কেন।<br />\r\n	লেখা শেষ করে ফেললাম.......................এই দাড়া আবার তোর ফোন (তুই আমাকে শালা বললি কেন !! আমি তোর কোন জনমের শালা বলতো; মেরে তোর বিষদাত ভেঙ্গে দেবো।)<br />\r\n	<br />\r\n	আজ এখানেই রাখছি; নিজের প্রতি খেয়াল তুই কোনকালেই নিসনা; সেটা আমি জানি তবু বলছি একটু খেয়াল নিলেই তুই আমি ভালো থাকতে পারবো ; এ চিঠি আমি রাতে লিখিনি একলাইনও; সবটা দিনে লিখেছি; আর বিশ সেকেন্ড পড়েই আমি চিঠি লেখা বন্দ করবো তার আগে একটা কথা বাধা যতই আসুক থাকবো বন্ধুত্বের আঙ্গিনায় দু&rsquo;জনা।<br />\r\n	চিঠির শেষে ইতি লেখাটা পুরোনো ষ্টাইল তাই সেটা আর লিখলাম না;বেশি রাত জাগবি না; ঠিক মতো খাবি ঠান্ডা লাগাবি না। আর উপদেশ দিলাম না; ভালো থাকিস তোর ভালো থাকার কামনায়<br />\r\n	&nbsp;</p>\r\n<p>\r\n	<strong>তোর বন্ধু এই আমি।</strong><br />\r\n	<br />\r\n	&nbsp;</p>\r\n', '114', 0, 0, 1, 0, '0000-00-00 00:00:00', 80, '', '2012-09-20 02:39:58', '0000-00-00 00:00:00', 27, 0, '2012-09-23 20:12:35', 1),
  (115, 17, 'blog', 0, 'publish', 0, '', 'ডিজিটাল বাংলাদেশ ২০১২', '<p>\r\n	<img alt="" src="http://media.somewhereinblog.net/images/engineer_kabir_1295205725_1-168612_178019965554741_100000402161872_448499_3060226_n.jpg" style="width: 720px; height: 540px; " />বাংলাদেশের পাওয়ার সংকট আর বেশি দিন স্হায়ী হবেনা তা ছবিগুলো দেখলেই বুঝা যায় । হবিগন্জ জেলার বানিয়াচং হয়ে আজমেরী গন্জ যাওয়ার পথে আপনার চোখে পড়বে এই এনার্জী সেভিং ফেরি । গত ১০-২০ বছর এই অত্যাধুনিক সার্ভিসটি কার্যকর আছে শুধুমাত্র ব্রিজটি সম্পন্ন না হওয়ার কারণে । আশাকরি বিষয়টির উপরে কতৃপক্ষের নজড় দেয়া উচিৎ ।</p>\r\n', '115', 0, 0, 0, 1, '0000-00-00 00:00:00', 132, '', '2012-09-20 09:02:09', '2012-09-23 00:18:57', 19, 19, '2012-09-23 20:16:16', 1);
INSERT INTO `blogs` (`blog_id`, `blog_category_id`, `post_type`, `status_id`, `status`, `episode_id`, `episode_number`, `title`, `description`, `permalink`, `is_published`, `is_post`, `is_selected`, `sticky_on_home_page`, `publish_date`, `viewed`, `featured_image`, `create_date`, `update_date`, `create_by`, `update_by`, `last_modaretion_date`, `last_modarate_by`) VALUES
  (116, 7, 'blog', 0, 'publish', 0, '', 'কেমন আছে বাঙলাদেশ', '<p>\r\n	সামনে আসছে জাতীয় নির্বাচন। নির্দলীয় তত্বাবধায়ক সরকারের দাবী উঠলেও বর্তমান সরকার সংবিধান সংশোধনের মাধ্যমে তত্বাবধয়াক সরকারকে বাতিল করে দিয়েছে।</p>\r\n', '116', 0, 0, 0, 0, '0000-00-00 00:00:00', 10, '', '2012-09-22 11:52:41', '0000-00-00 00:00:00', 26, 0, '2012-09-22 11:53:44', 1),
  (117, 8, 'blog', 0, 'publish', 0, '', 'যৌনকর্মী উপাখ্যাণ', '<p>\r\n	ভাই আর বোনের মধ্যে বয়সের পার্থাক্য তিন । উচ্ছলতার মধ্যে ওদের বেড়ে ওঠা । বাবা মায়ের ভালোবাসা নিয়ে প্রায়ই দ্বন্দ হয় বিথী আর ইমনের মধ্যে । এক জন বলে বাবা মা শুধু আমাকে ভালোবাসে, অন্যজন উল্টো । হাসান হাসি দুজনার ভালোবাসার ধন বিথী ইমন । ওরা দুজনই পারিবারিক বিনোদনের উৎস । ওদের মিষ্টি শত্রুতা দেখে যে কারও অবিভুত হওয়ার কথা । ১৪ বছরের বিথী অনেকটাই শান্ত স্বভাবের ।ইমনের অনেক অন্যায় মুক বুজে সহ্য করাই তার ধর্ম । অন্যদিকে ইমন অনেক প্রাণচঞ্চল । একটু রাগি মেজাজের । সারাক্ষন লেগে খাকে বিথীর পিছে । কথায় কথায় ক্ষেপিয়ে তোলে বিথীকে । একটেবিলে পড়তে বসলে টেবিলের নিচ দিয়ে বিথীকে খোচা আর শায়ের চোখের আড়ালে চিমচট কাটা ইমনের নিত্য কার্য । বিথী নালিশ করে মায়ের কাছে । গরম মেজাজ নিয়ে মা কিছু বলতে আসলে বিথীই আবার বলে এবার মাফ করে দাও ।</p>\r\n<p>\r\n	<br />\r\n	বড় একগুয়ে স্বভাবের ইমন । বিথীর জন্য কিছু কিনলে ইমনের জন্যও কিনতে হবে । এমনকি ইমনের জন্য জিনিসটি অপ্রয়োজনীয় হলেও । একদিন ঘটে এক মজার কাহিনী । বাব মায়ের সাথে বিথী ইমন যায় মেলায় । সেখানে মা বিথীর জন্য একটি ব্যান্ড কিনলো । ওমনিতেই শুরু হয় হাত পা ছোড়া-ছুড়ি । তাকেও ব্যান্ড কিনে দিতে হবে । বিথীর জন্য চুড়ি কিনলে তার জন্যও তাই । ইমনের আকুতির কাছে বাবা মা হার মানে ।</p>\r\n<p>\r\n	<br />\r\n	বিথি ক্লাস এইটে আর ইমন ফাইব এ । এত কিছুর মধ্যেও বোনের জন্মদিনে সবার আগে সুভেচ্ছা জানাতে ভুল করেনা ইমন । বাবার কিনে দেওয়া বাইসাইকেল চালানো শিখতে পারেনি তার পরেও বোনকে পিছনে না বসিয়ে সে সাইকেল চালাবে না । আছাড় খেয়ে খেয়ে বিথী ক্লান্ত , আর সে সাইকেলের পিছনে বসতে রাজি না । ওদের ভালোবাসার রং ঢং দেখে মায়ের চোখে জল আর মুখে হাসি একসাথে বিরাজমান ।<br />\r\n	বাসা থেকে বিথীর স্কুলের দুরত্ব এক কিলোমিটারের বেশি নয় । বিথী স্কুলের ভালো ছাত্রীদের মধ্যে অন্যতম ও খুবই উচমানের । তার জলন্ত প্রমান ক্লাস ফাইবে ট্যালেন্ট পুলে বৃত্তি প্রাপ্তি । এত গুনের এই ছোট্ট মেয়েটি রুপের দৌড়েও কম যায় না ।</p>\r\n<p>\r\n	<br />\r\n	মধ্যবিত্ত তাই চার চাকার ঢাকনা য়োলা গাড়ি কেনার মুরদ নেই । রিক্সাই একমাত্র বাহন আর হেটে যাওয়াই একমাত্র বিকল্প উপায় । যাওয়া আসার পথে পাড়ার বখাটে ছেলেরা বিথীকে দেখে প্রায়ই বিভিন্ন আপত্তিকর উক্তি উচ্চারণ করে । দিনে দিনে এর মাত্রা বাড়ে । রাস্তার ওত পেতে থাকা অমানুষগুলি বিথীকে টিজ করার জন্য চিরকুট ছুড়ে মারা,সিগারেটের দেহাবশেষ ছুড়ে মারা,রাস্তায় ক্রিকেট প্রাকটিস,নগ্ন উক্তি নিক্ষেপ সহ এমন কোন ঘৃনিত কাজ নেই যা ওরা করেনি । বিথী তার তিক্ত অভিজ্ঞতা মায়ের কাছে বর্ণনা করার পরে মা বিথীকে স্কুলে দিয়ে আসে ও ছুটির পরে নিয়ে আসায় নিজেকে নিযুক্ত করে । আবার ইমনের আবদার বিথীকে স্কুলেনিয়ে যাওয়া হয় তবে ইমনকে কেন নেয়া হবেনা । মা সে আবদার উপেক্ষা করে বিথীকে নিয়মিত স্কুলে আনা নেয়া করে ।<br />\r\n	বিথীর মা জনাবা হাসির মতে বখাটে শয়তানগুলোর চোখ অত্যন্ত ধারালো । ওদের দৃষ্টি অনেক তীক্ষ্ম,পোষাক ভেদ করে ওদের দৃষ্টি ছুয়ে যায় নারী শরীরের উন্নত বক্ষ সহ সকল গোপনীয় অঙ্গ । ব্যাপারটা খুবই লজ্জাজনক । ওদের কারনে অনেক অমুসলিম স্কুল ছাত্রীরাও বোরকা পড়ে স্কুলে যায় ।বিথীও বোরকা পড়া শুরু করে । কিন্তু সেও বৃথা চেষ্টা । ওরা চিনতে ভুল করেনা ।<br />\r\n	একদিন বিকেল বেলা স্কুল থেকে বাসায় যাচ্ছে বিথী । সেদিন মা সাথে নেই । পথ আগলে দাড়ায় রোমেল । বখাটেদের একজন । বলে ভালোবাসি । বিথীর কিশোরী মন এমন প্রস্তাব পাবার জন্য প্রস্তুত নয় । রোসমল আবার বলে শোন মেয়ে আমার প্রস্তাবটা ভেবে দেখ । ও হ্যাঁ মনে রেখ বুড়িগঙ্গা অনেক দিন লাশের গন্ধ পায়নি । ভয়ে বিথীর পা জড়ো হয়ে আসে । কন্ঠ এত শুকিয়ে যায় যে কিছু বলতে পারে না । হৃদপিন্ডের সাথে সমান তালে পা ফেলে বাসায় চলে আসে ।</p>\r\n<p>\r\n	<br />\r\n	স্কুলে যাওয়া বন্ধ । মানষিক ভাবে প্রচন্ড রকম ভেঙ্গে পরে । উবে যায় বিথীর জীবনের সব হাসি আনন্দ । মায়ের কাছে আর ইমনের নামে নালিশ করে না । ইম বলে আপু তুই স্কুলে যাস না কেন ? তোর না সামনে পরীক্ষা ! উত্তর দেয় না বিথী । ভয় সারাক্ষণ তাকে গ্রাস করে রাখে । সে ভয় সম্ভ্রম হারানোর ভয় । সে ভয় জীবন হারানোর ভয় । পুলিশে জানিয়ে ও কোন লাভ হয়নি । কারন শয়তান গুলোর হাত পুলিশের চেয়ে ও লম্বা ।<br />\r\n	দিন গড়াতে গড়াতে ফাইনাল পরীক্ষা আসে । বিথী পরীক্ষায় অংশ গ্রহন করতে চায় । সবাই সিদ্ধান্ত নেয় বিথী পরীক্ষা দিবে । মা বিখীকে নিয়ে স্কুলে যায় । ফেরার সময় পথ অঅগলে দাড়ায় দশ বারোটি যুবক । একজন ক্রিকেটের ব্যাট দিয়ে মাথায় করে বিথীর মাকে । লুটিয়ে পড়ে মাটিতে । বিথীকে টানা হেচড়াকরে মাইক্রোতে তুলে নেয় । দ্রুত অদৃশ্য হয় মাইক্রোবাসটি ।</p>\r\n<p>\r\n	<br />\r\n	রাস্তার পাসে কিছু মানুষের ভীড় । ভীড় ঠেলে সামনে গেলে দেখা যায় একটি ব্যানিটি ব্যাগ । তাতে আছে একটি ছোট্ট লুকিং গ্লাস,একটি কড়া লাল লিপস্টিক সহ কিছু কসমেটিক্স সামগ্রী,একটি হেয়ার ব্রাস,একটি আবাসিক হোটেলের ভিজিটিং কার্ড । আর এর পাশেই পরে আছে একটি অর্ধনগ্ন নারীর শরীর । মুখ দেখা যায় না । কেউ একজন সাহস করে মুখটি ঘুড়ায় । সেকি! এ ত বিথী । কিন্তু উপস্থিত কেউ চেনেনা । সবাই বলে উপসর্গ দেখে মনে হচ্ছে যৌনকর্র্মী ।<br />\r\n	ইমনের পড়ার টেবিলে একটি চেয়ারই শুধু খালি হয়নি বাবা মায়ের হৃদয় ও শুন্য হয়েছে ।</p>\r\n', '117', 0, 0, 0, 0, '0000-00-00 00:00:00', 85, 'Array', '2012-09-23 00:00:46', '0000-00-00 00:00:00', 19, 0, '2012-09-23 00:28:20', 1),
  (118, 9, 'blog', 0, 'publish', 0, '', 'তুমি অতঃপর বিড়ম্বনা তোমার', '<p>\r\n	তুমি অতঃপর বিড়ম্বনা তোমার,<br />\r\n	<br />\r\n	তোমার কথা ভাবতে ভাবতে আকাশ গেল ঢেকে, মেঘের সাদা ঝাঁকে<br />\r\n	আকাশটা আজ নীল হারালো, তোমার অবর্তমানে !<br />\r\n	ভাবতে ভাবতে তোমার বিস্ময়,<br />\r\n	হটাত বৃষ্টি ঝরে,ভিজে চুলে, তোমার শরীর গাছের মত কাঁদে ।<br />\r\n	হাফ ছাড়িয়ে দমকা হাওয়া,<br />\r\n	বহে উথালপাতাল,ভিজে চুলের গন্ধে মাতাল, তোমার স্বপ্নচারী ।<br />\r\n	<br />\r\n	আকাশ অরণ্যে দুটি তারা জ্বলে নিরবধি,<br />\r\n	সন্ধ্যা তারা জোনাক জ্বলে, সুকতারা সবুজ গালিচা,যেন সবুজ ঘাস।<br />\r\n	আমি সন্ধ্যা তারা যবে ! সুখ তারা তোমার প্রেম।<br />\r\n	এমনি করে হারিয়ে যাওয়া, চলতে পথে থমকে যাওয়া<br />\r\n	তোমার আলাপন ! হটাত বুঝি সামনে এসে, লজ্জাবতী লতা,<br />\r\n	স্পর্শে তোমার সইবে না সুখ; চুপসে যাবে একা।<br />\r\n	<br />\r\n	আমি তোমার অভিবাসী চাওয়া, সেই সূবর্ণ আকাশের মত<br />\r\n	এলোমেলো হারিয়ে যাওয়া, মেঘের আড়ালে মুখ ঢাকার মত ।<br />\r\n	নদীর টলটলে জলে যখন আঁজলা ভরি, দেখি তোমার বিষণ্ন অবয়ব<br />\r\n	তোমার কষ্ট ভাবায়,জলাঙ্গির উথালপাথাল ঢেউয়ের মত তোমাকে হারিয়ে ফেলি ।<br />\r\n	<br />\r\n	মিলন বর্ষায়, বিরহী শ্রাবণ ঝরে, শুধু তোমার স্মৃতি ভৈরবী আজও<br />\r\n	ভেসে আসে বৃষ্টির ফোটায় হাওয়ায় ।<br />\r\n	<br />\r\n	০৩ শ্রাবণ ১৪১৭ !!!!<br />\r\n	<br />\r\n	&nbsp;</p>\r\n', '118', 0, 0, 0, 0, '0000-00-00 00:00:00', 39, '', '2012-09-24 00:42:32', '0000-00-00 00:00:00', 23, 0, '2012-09-24 00:49:51', 1),
  (119, 9, 'blog', 0, 'trash', 0, '', 'তুমি অতঃপর বিড়ম্বনা তোমার,', '<p>\r\n	তুমি অতঃপর বিড়ম্বনা তোমার,<br />\r\n	<br />\r\n	তোমার কথা ভাবতে ভাবতে আকাশ গেল ঢেকে, মেঘের সাদা ঝাঁকে<br />\r\n	আকাশটা আজ নীল হারালো, তোমার অবর্তমানে !<br />\r\n	ভাবতে ভাবতে তোমার বিস্ময়,<br />\r\n	হটাত বৃষ্টি ঝরে,ভিজে চুলে, তোমার শরীর গাছের মত কাঁদে ।<br />\r\n	হাফ ছাড়িয়ে দমকা হাওয়া,<br />\r\n	বহে উথালপাতাল,ভিজে চুলের গন্ধে মাতাল, তোমার স্বপ্নচারী ।<br />\r\n	<br />\r\n	আকাশ অরণ্যে দুটি তারা জ্বলে নিরবধি,<br />\r\n	সন্ধ্যা তারা জোনাক জ্বলে, সুকতারা সবুজ গালিচা,যেন সবুজ ঘাস।<br />\r\n	আমি সন্ধ্যা তারা যবে ! সুখ তারা তোমার প্রেম।<br />\r\n	এমনি করে হারিয়ে যাওয়া, চলতে পথে থমকে যাওয়া<br />\r\n	তোমার আলাপন ! হটাত বুঝি সামনে এসে, লজ্জাবতী লতা,<br />\r\n	স্পর্শে তোমার সইবে না সুখ; চুপসে যাবে একা।<br />\r\n	<br />\r\n	আমি তোমার অভিবাসী চাওয়া, সেই সূবর্ণ আকাশের মত<br />\r\n	এলোমেলো হারিয়ে যাওয়া, মেঘের আড়ালে মুখ ঢাকার মত ।<br />\r\n	নদীর টলটলে জলে যখন আঁজলা ভরি, দেখি তোমার বিষণ্ন অবয়ব<br />\r\n	তোমার কষ্ট ভাবায়,জলাঙ্গির উথালপাথাল ঢেউয়ের মত তোমাকে হারিয়ে ফেলি ।<br />\r\n	<br />\r\n	মিলন বর্ষায়, বিরহী শ্রাবণ ঝরে, শুধু তোমার স্মৃতি ভৈরবী আজও<br />\r\n	ভেসে আসে বৃষ্টির ফোটায় হাওয়ায় ।<br />\r\n	<br />\r\n	০৩ শ্রাবণ ১৪১৭ !!!!<br />\r\n	<br />\r\n	&nbsp;</p>\r\n', '119', 0, 0, 0, 0, '0000-00-00 00:00:00', 0, '', '2012-09-24 00:48:06', '0000-00-00 00:00:00', 23, 0, '2012-09-24 03:43:07', 0),
  (120, 9, 'blog', 0, 'publish', 0, '', ' ভালবাসি', '<p>\r\n	তোমার কণ্ঠে; ঝড়ের আশায়,<br />\r\n	<br />\r\n	আমি বসে ছিলাম আধো রাত।<br />\r\n	<br />\r\n	ঘুমো ঘুমো চোখে বুনে ছিলাম-<br />\r\n	<br />\r\n	হাজারো স্বপ্ন; সাদা মেঘের ভেলায়।<br />\r\n	<br />\r\n	তুমি আসবে-<br />\r\n	<br />\r\n	হাতে হাত রেখে<br />\r\n	<br />\r\n	চোখে রাখবে চোখ<br />\r\n	<br />\r\n	বলবে -<br />\r\n	<br />\r\n	ভালবাসি............ভা ল বা সি...</p>\r\n', '120', 0, 0, 0, 0, '0000-00-00 00:00:00', 16, '', '2012-09-24 07:13:00', '0000-00-00 00:00:00', 49, 0, '2012-09-24 10:39:40', 1),
  (121, 16, 'blog', 0, 'publish', 0, '', 'অনলাইন রিচার্জ বন্ধ, সেবা থেকে বঞ্চিত হবেন ৩০ হাজার গ্রাহক', '<p>\r\n	বিভিন্ন অনলাইন সাইটের মাধ্যমে মোবাইলফোন ও ওয়াইম্যাক্স গ্রাহকদের অনলাইনে রিচার্জ বন্ধ করে দিয়েছে বাংলাদেশ টেলিযোগাযোগ নিয়ন্ত্রণ কমিশন (<a href="http://tech.priyo.com/org/btrc">বিটিআরসি</a>)। অনুমোদন না থাকায় ২ সেপ্টেম্বর সেবাটি বন্ধ করে দেয় কমিশন।</p>\r\n<p>\r\n	অনলাইনে রিচার্জের সুযোগ চালু হওয়ার পর দেশ-বিদেশে এ জাতীয় অনেক সাইট চালু হয়। দেশের বাইরে যেসব সাইট অনলাইন রিচার্জের সুবিধা দিচ্ছে তাদের মাধ্যমে হুন্ডির সুযোগ রয়েছে বলে মনে করছে বিটিআরসি। অপারেটররা যেহেতু এ সেবার মাধ্যমে সুবিধা পেয়ে থাকে, তাই তাদের এর কারণ দর্শাতে বলা হয়েছে। দেশের ছয় মোবাইলফোন অপারেটর এবং ওয়াইম্যাক্স সেবাদানকারী প্রতিষ্ঠান বাংলালায়ন ও কিউবিকে এ-সংক্রান্ত চিঠি দেয়া হয়েছে। একই সঙ্গে সেবাটির জন্য অপারেটরদের অনুমোদন নিতে বলা হয়েছে। এর পরিপ্রেক্ষিতে <a href="http://tech.priyo.com/org/citycell">সিটিসেল</a>, <a href="http://tech.priyo.com/org/qubee">কিউবি</a> ও <a href="http://tech.priyo.com/org/banglalion">বাংলালায়ন</a> অনুমোদন চেয়ে আবেদন করেছে। তবে কমিশনের এ নিষেধাজ্ঞা প্রত্যাহারের দাবি জানিয়েছে দেশের শীর্ষ দুই মোবাইলফোন অপারেটর গ্রামীণফোন ও রবি।</p>\r\n<div class="image-left">\r\n	<img src="http://static.priyo.com/files/image/2012/09/24/Online-recharge-460.jpg" /></div>\r\n<p>\r\n	দেশের দ্বিতীয় শীর্ষ মোবাইলফোন অপারেটর <a href="http://tech.priyo.com/org/banglalink">বাংলালিংকের</a> কাছে এ প্রসঙ্গে জানতে চাইলে প্রতিষ্ঠানটির জ্যেষ্ঠ পরিচালক (গভ. রিলেশন, রেগুলেটরি অ্যাফেয়ার্স অ্যান্ড লিগ্যাল) জাকিউল ইসলাম বলেন, এটি সরাসরি অপারেটরদের দেয়া কোনো সেবা নয়। নিয়ন্ত্রক সংস্থা এ সেবা বন্ধের নির্দেশ দিয়েছে। সে অনুযায়ী সেবাটি বন্ধ করা হয়েছে। বিটিআরসি এ সেবা চালু করতে অনুমোদন নিতে বলেছে। সে অনুযায়ী পরবর্তী পদক্ষেপ নেয়া হবে।</p>\r\n<p>\r\n	টেলিযোগাযোগ আইনের ৪০-এর ১ ধারা প্রয়োগ করে বিটিআরসি সেবাটি বন্ধ করেছে। এ ধারায় বলা আছে, &lsquo;কমিশনের অনুমতি ছাড়া কোনো অপারেটর তার লাইসেন্সকৃত টেলিযোগাযোগ ব্যবস্থা বা সেবা প্রদানের কোনো স্থাপনা, যন্ত্রপাতি বা সুবিধা ব্যবসায়িক ভিত্তিতে বা ফিস বা অন্য কোনো ধরনের মূল্য বা সুবিধার বিনিময়ে অন্য কোনো ব্যক্তিকে ব্যবহারের অনুমতি বা সুযোগ দিতে পারবে না।&rsquo;</p>\r\n<p>\r\n	ভ্যালু অ্যাডেড সার্ভিস (ভাস) প্রোভাইডাররা সেবাটি দিয়ে আসছিল। ব্যাংকগুলো এ ক্ষেত্রে অনলাইন প্রসেসর হিসেবে কাজ করত। এ জন্য ব্যাংক ও কনটেন্ট প্রোভাইডারদের মধ্যে চুক্তি হয়। এ ধরনের কয়েকটি সাইট হলো&mdash; ইজি ডটকম ডট বিডি, আমারবিল ডটকম, পেপয়েন্ট ডটকম ডট বিডি। অনলাইনের মাধ্যমে গ্রাহকরা সহজেই তাদের প্রি-পেইড নম্বর রিচার্জ বা পোস্টপেইড নম্বরের বিল পরিশোধের সুযোগ পেতেন। ক্রেডিট কার্ড যেমন ভিসা, মাস্টার কার্ড এবং ডেবিট কার্ড যেমন ডিবিবিএল নেক্সাস, ব্র্যাক ব্যাংক এটিএম ইত্যাদি ব্যবহারের মাধ্যমে অনলাইন পেমেন্টের সুযোগ ছিল। প্রায় সব মোবাইলফোন অপারেটরের জন্য অনলাইন রিচার্জ সুবিধা চালু ছিল। মোবাইলফোন ও ইন্টারনেটভিত্তিক অর্থনৈতিক সেবা নিয়ে কাজ করা প্রতিষ্ঠানগুলোই সেবাটি দিয়ে আসছিল। গ্রাহকদের কাছ থেকে এ জন্য ক্ষেত্রবিশেষে ৪-৬ শতাংশ হারে কমিশন নেয়া হতো।</p>\r\n<p>\r\n	অনলাইন রিচার্জ সেবাদানকারী প্রতিষ্ঠানগুলোর সূত্রে জানা যায়, প্রায় ৩০ হাজার গ্রাহক নিয়মিত সেবাটি গ্রহণ করতেন। কিউবির পক্ষ থেকে জানানো হয়, তাদের ৪০ শতাংশ গ্রাহকই অনলাইনের মাধ্যমে বিল পরিশোধ করে থাকেন। এ ব্যবস্থায় প্রি-পেইড মোবাইলফোন গ্রাহকদের জন্য ৫০-২০০০ টাকা এবং পোস্টপেইড গ্রাহকদের জন্য সর্বোচ্চ পাঁচ হাজার টাকা বিল পরিশোধের সুযোগ ছিল।</p>\r\n<p>\r\n	সেবাদানকারী প্রতিষ্ঠান এসএসএলের মহাব্যবস্থাপক আনিসুল ইসলাম বলেন, বাংলাদেশে ই-কমার্সে নতুন একটা অধ্যায় শুরু হয়েছে। সেই সময় এ ধরনের জনপ্রিয় প্রিমিয়াম সার্ভিস বন্ধ হয়ে যাওয়ায় গ্রাহকরাই ক্ষতিগ্রস্ত হচ্ছেন। তাদের মধ্যে অনলাইনের বিভিন্ন সার্ভিস থেকে আস্থা উঠে যেতে পারে। এ কারণেই দ্রুত সেবাটি পুনরায় চালুর অনুমতি দেয়া প্রয়োজন।</p>\r\n<p>\r\n	অনলাইন রিচার্জ সেবা পুনরায় চালুর অনুমোদন দেয়া হবে কি না&mdash; জানতে চাইলে নাম প্রকাশ না করার শর্তে বিটিআরসির ঊর্ধ্বতন এক কর্মকর্তা বলেন, এ ব্যাপারে এখনো সিদ্ধান্ত হয়নি। কমিশনের বৈঠকে বিষয়টি নিয়ে আলোচনা হতে পারে।</p>\r\n', '121', 0, 0, 1, 0, '0000-00-00 00:00:00', 38, '', '2012-09-24 13:21:17', '0000-00-00 00:00:00', 47, 0, '2012-09-24 23:13:09', 1),
  (122, 9, 'blog', 0, 'publish', 0, '', 'বর্ষা ভুলে যায় শ্রাবণ যাতনা', '<p>\r\n	বর্ষা ভুলে যায় শ্রাবণ যাতনা<br />\r\n	[ক]<br />\r\n	একদিন তুমি ছিলে আমার চাঁদের দ্রৌপদী !<br />\r\n	বৃষ্টির ফোটার মত স্বচ্ছ ভালবাসায় যেন বন্দি গুহায়<br />\r\n	তুমি ছিলে রূপকথার রাজকন্যা ।<br />\r\n	ভালবাসা পাওয়ার যুদ্ধে শৈশব থেকে যৌবন সওদাগর<br />\r\n	বেশ কিছু খণ্ডযুদ্ধ বিরহ কারাদণ্ড! অতঃপর নির্বাসন,<br />\r\n	দেশ থেকে দেশান্তর ।<br />\r\n	<br />\r\n	এত কিছু বিসর্জন তবু পাওয়া হলনা তোমায়;<br />\r\n	শ্রাবণ স্রোতে ভেসে যায় হৃদয় ভাঙ্গার রক্তক্ষরণ<br />\r\n	প্রতিনিয়ত শানিত হয় তোমার অবয়ব!শ্রাবণ ছোঁয়া পেয়ে ।<br />\r\n	[খ]<br />\r\n	গত শ্রাবণ রাতে স্বপ্ন যোগ, তুমি এলে আমার পার্শ্বে<br />\r\n	কবিতা মোড়ানো সারির মত তোমাকে নিয়ে শ্রাবণ রাত<br />\r\n	সে যে কি হোলি খেলার দুর্বার তান্ডব !রাতভর সাথী ছিল বৃষ্টি ছোঁয়া,<br />\r\n	শ্রাবণ মেঘ আকাশজুড়ে কাঁদলো ।<br />\r\n	<br />\r\n	আমার জন্মানো কবিতার পাঁজা, স্বপ্নের ঠোঁট ছুঁয়ে ভালবাসা বিলায়<br />\r\n	কালের গহবরে এরা মহা উল্লাসে, বেঁচে আছে মহাকালের দিগন্ত ছুঁয়ে<br />\r\n	কবে থেকে যে তুমি আমার? কবিতার শরীর হয়ে উঠলে বুঝতেই পারিনি<br />\r\n	যেমন বর্ষা ভুলে যায় শ্রাবণ যাতনা ।<br />\r\n	<br />\r\n	[গ]<br />\r\n	শ্রাবণ রাত বৃষ্টিভেজা তারাদের সাথে আমি জেগে রই<br />\r\n	নিশাচর প্রাণীদের মত মন তৃঞ্চায় ব্যকুল<br />\r\n	আলো আঁধার জ্যোত্স্নায় কবিতার শরীর থেকে চুয়ে পড়ে<br />\r\n	আশা বিড়ম্বনার ধূসর শ্রাবণ মেঘ ।<br />\r\n	সরীসৃপের চোখের মত ঘুম হারা আমি<br />\r\n	চোখের পাতা ঠাঁই কম্পন হীন বার্তায় বিলাপ করে<br />\r\n	তন্দ্রা আজ ঘুমের কাঙ্গাল বৃষ্টির ফোটায় স্বপ্ন লুকায়<br />\r\n	কচি কচুপাতার গা ধোঁয়া বৃষ্টি মাটি ভেজা সদা গন্ধ ।<br />\r\n	<br />\r\n	পোকামাকড়ের কান্নার হরেক রকম সুর বাড়ে রাতের আঁধার ঠেলে<br />\r\n	চাঁদ ডুবেছে শ্রাবণ আঁধার বৃষ্টির টাপুর টুপুর শুন শান আওয়াজ<br />\r\n	চেটেপুটে সব খাচ্ছে গিলে রাত্রি আঁধারে রাত সর্বগ্রাহী রাক্ষসী<br />\r\n	অথচ আমি আর কবিতা দিব্যি বেঁচে আছি ।<br />\r\n	<br />\r\n	[ঘ]<br />\r\n	আমি তোমার মনের; গ্যাঁড়াকলে পড়ে পিষ্ট হচ্ছি জনম ধরে।<br />\r\n	চোখে তারা জ্বলে দিনে আমার, বিছানো আলো মাখা।<br />\r\n	কইতে পারি না সইতে পারি না, যন্ত্রণায় ডুবে যে বুক!<br />\r\n	নিঃশেষ হচ্ছি আমি পতঙ্গের মত পুড়ে পুড়ে<br />\r\n	তারা ভরা আকাশ জ্বলে আমি শুধু ডুবি আঁধারে ।<br />\r\n	<br />\r\n	[ঙ]<br />\r\n	আমি যে পথে হাঁটছি !সে পথে আমার পূর্বপুরুষেরা কি হেঁটেছিল?<br />\r\n	নাকি জনপদে বিস্তর ফারাক? মহা কালের সুবর্ণ ছায়ায়;<br />\r\n	আমার পরিচয় কি পাওয়া যাবে? আমি কে? কোথায় নিরন্তর বংশের মুকুটধারী?<br />\r\n	তারা আর্যর বংশধর ছিল? আমি পাহাড়ি মুরঙ, নাকি সাঁওতালদের বংশধর?<br />\r\n	<br />\r\n	কোন জাতির রক্ত ! গৌরব গাঁথা নাকি আফ্রিকার কালো দাসদের মত প্রবঞ্চিত,লাঞ্চিত ?<br />\r\n	লুণ্ঠিত গোত্রের প্রবাহিত পথের ধারক হয়ে আজও চলছি নতুন পথে!<br />\r\n	পথের ভাঙ্গা গড়ায়, কালের সুপ্ত ইচ্ছা দ্বাড়িয়ে আমি তেপান্তরের গর্ভে;<br />\r\n	শূন্যতার পিঠ চাপড়ে দিচ্ছি হামাগুড়ি ।<br />\r\n	&nbsp;</p>\r\n', '122', 0, 0, 1, 0, '0000-00-00 00:00:00', 28, '', '2012-09-25 06:33:58', '2012-09-25 06:52:03', 23, 23, '2012-09-25 09:33:54', 1),
  (123, 17, 'blog', 0, 'publish', 0, '', '।। যে পত্রকথা হাওয়ায় উড়ে-১।।', '<p>\r\n	<a href="http://media.somewhereinblog.net/images/thumbs/sokal_ratri_1344521849_1-niru.jpg"><img alt="" src="http://media.somewhereinblog.net/images/thumbs/sokal_ratri_1344521849_1-niru.jpg" /></a></p>\r\n<p>\r\n	&nbsp;</p>\r\n<p>\r\n	নিরু ,<br />\r\n	আছো কেমন? আজ আাকাশ দেখেছো? দেখনি বোধহয়! আজকের আকাশে যে তারাটি কম আলো নিয়ে জ্বলছে, একটি বার কল্পনা করে দেখলাম সে তারাটিই হলে তুমি, আর দুরের একলা উজ্জল আলো নিয়ে থাকা যে তারাটি সেটা হলো আমি। তোমার চারপাশে দ্যুতি আছে কিন্তু তাতে উজ্জ্বলতা নেই, আমার চারপাশে জুড়ে আলো আছে কিন্তু তাতে প্রাণ নেই। আজ খুব ইচ্ছে হলো আমার সব উজ্জল আলো তোমাকে দিয়ে দেই। যদি কোনদিন দিয়ে দেই, নেবে তো? না,কি আবার বলবে কারো আলোয় আলোকিত হতে চাইনা।<br />\r\n	<br />\r\n	জানিনা কি বলবে? তবে আজ না হোক, কাল-পরশু বাদ দিয়ে হলেও একদিন ঠিক দিয়ে দেব। হয়তো তুমি তা ভাবতেও পারবেনা। তুমি জানোনা আমার চেয়ে তোমার বেঁচে থাকার দিন দীর্ঘ । আমার প্রস্থান হবার অনেক আগেই তোমাকে রাঙিয়ে দেব আলোতে।<br />\r\n	<br />\r\n	তোমার তো দেখা পাওয়া গেলনা গতকাল। হয়েছে কি জানো? কাল রাত ভর ইচ্ছেরা স্লাইড শো দেখিয়ে গেছে আমার চোখে। একটার পর একটা কথা দিয়ে গল্প গাঁথছিলাম আমি, আর সেখানে সব বন্ধুদের ভীড়ে তোমার হাসি মেশানো শুকনো মুখটা মনে পড়ে যাচ্ছিল বারবার। সবার হাসি মুখ আমাকে ভালো থাকতে সাহায্য করে। তুমি তো জানো আমার অনেক ইচ্ছে। সেই সব ইচ্ছের মাঝেই নতুন আর একটা ইচ্ছে মাথা চাড়া দিয়ে জেগেছে । বাড়ির পেছন পথে, না জানা গাছের পিঠে বেশ কদিন যাবত হলো ফুটে আছে নীল-হলুদ রঙা বেশ ক&rsquo;টি ফুল। দেখতে খুব সুন্দর না কিন্তু তাতে বেশ প্রাণোচ্ছল ভাব সুস্পষ্ট।<br />\r\n	<br />\r\n	আমি কখনো শুনিনি তুমি কোন ফুল পছন্দ করো তাই জানা ফুলের জগৎ থেকে তোমাকে কি আর দেবো? ভেবে দেখলাম না জানা সেই ফুলটিই দেব । প্রশ্ন করতে পারো যদি ঝড়ে যায় সে ফুল তাহলে কি হবে? যদি এই নগরে পা ফেলবার আগে তোমার দেখা না পায় জীবন্ত সে ফুল তাহলে কি হবে? সে নিয়ে তুমি ভাবতে যেয়ো না। আমি রেখে দেব, যেমন করে রেখে দিয়েছি ছোটবেলায় স্কুলে পড়ার বয়সের সেই ময়ূরপাখাটিকে। গতকাল পুরোনো সে ডায়েরির পাতা খুলে আরেকটিবার দেখে নিলাম ছোটবেলায় রাখা সে ময়ুরপাখাকে। তুমি কি দেখেছ নিরু, ভেসে যাওয়া ফুল ঘুরে কত ঘাট-বেঘাট। তবুও সে ফুল। যতক্ষণ না সে চুপসে যাচ্ছে ততক্ষণ পর্যন্ত সে জীবন্ত ফুল। চুপসে যাওয়া ফুলও কেউ কেউ জমিয়ে রাখে সেখানে স্বপ্ন বেচবে বলে।<br />\r\n	নিরু কাজের ভীড়ে আজকাল খুব করে উদাস হচ্ছি, ভাবে সেটা মনে হলেও আমি কিন্তু বলতে পারছিনা যে, এ জীবনটা বদল করতে ইচ্ছ হয়। আজকাল পাখি হতে ইচ্ছে করে খুব। তাতে রোজ ঘুড়ে দেখা যেত তোমাদের ক্ষত নদীটাকে। কিন্তু সেটি হচ্ছেনা। আমরা কষ্টের মতো ক্ষতকে ও লুকাই।<br />\r\n	<br />\r\n	নিরু একটা কথা বলবো, জানি একটু আঘাত তোমার বুকটাকে চিরে দিয়ে যাবে তবুও বলি ,কষ্ট তো কতই থাকে জমা। বুকের অগ্নি চুলোয়। তবুও অনেকেই সেটা শত চেষ্টা করে নেভাতে পারিনা। যদিও জলের ভার বয়ে আসছি আমরা বছরের পর বছর। জমা রেখেছি দৃষ্টিকূপে। তবুও কিন্তু সে জলে নেভাতে পারিনা-সে আগুনকে যে, আগুনটা পোষাপাখির মতো বেড়ে উঠে আমাদের লক্ষ্যে-অলক্ষ্যে। যে স্মৃতি তোমাকে প্রিয় আরশিটির মতো ভেঙ্গে দেয় রোজ একটিবার তাকে তুমি বদলে ফেলতে পারো। সে জন্য শুধু তোমার ইচ্ছেই যথেষ্ট। তুমি দেখোনি একলা প্রজাপ্রতি অনেক উড়ে, অনেক ঘুড়ে তার সৌন্দর্য্য লেগে থাকে তার গায়, যখন সে দলবেঁধে উড়ে তার সৌন্দর্য্য প্রকৃতিকে ধাঁধায়। তুমি ভাঙা খোসা থেকে বের হয়ে এসো নিরু, হাত মেলাও প্রকৃতির সাথে দেখবে তুমি তাদের প্রিয় বন্ধু হয়ে গেছো। তাতে তোমার মন থেকে জমে আছে যা তা হালকা ঘুড়ি হয়ে উড়তে থাকবে দূর আকাশে।<br />\r\n	<br />\r\n	নিরু জীবনটা মাত্র কয়েকদিনের। সেখানে হাসতে হয় সুবাস ছড়িয়ে, কাঁদতে হয় লুকিয়ে, বাসতে হয় সব কিছু দিয়ে, কুড়াতে হয় আঁচল পেতে। তুমি এর সব কিছুই পারো তাহলে কেন বাষ্প হয়ে উড়বে? তুমি কি উচ্ছল ঝরণা হতে পারো না? তুমি কি স্বচ্ছ সরোবর হতে পারো না? নিরু তুমি পারবে অন্ধের মতো বিশ্বাস গলায় বাধো তুমি ঠিক পারবে?<br />\r\n	<br />\r\n	===========================================<br />\r\n	<br />\r\n	<em>৭ ই আগষ্ট-২০১২<br />\r\n	সুসং নগর<br />\r\n	রিভার ষ্ট্রীট,</em></p>\r\n', '123', 0, 0, 0, 0, '0000-00-00 00:00:00', 21, '', '2012-09-26 07:22:43', '0000-00-00 00:00:00', 27, 0, '2012-09-26 08:33:38', 1),
  (124, 9, 'blog', 0, 'publish', 0, '', 'পথ চেয়ে খুঁজতে,জলাঙ্গী স্বপ্নে, আমাদের যুগল পথ চলা', '<p>\r\n	পথ চেয়ে খুঁজতে,জলাঙ্গী স্বপ্নে, আমাদের যুগল পথ চলা<br />\r\n	<br />\r\n	কত শ্রাবণ পেরিয়ে এই এলাম তোমার কাছে<br />\r\n	জলে টইটুম্বর তোমার বাড়ী, ভাসছে অসহায় দ্বীপের মত ! শুনশান নৈঃশব্দ<br />\r\n	আমাদের যুগল পথ চলা ।<br />\r\n	শ্রাবণ মেঘের গর্জনে,তুমি ভয় পেয়েছিলে খানিক<br />\r\n	অনেক পরে বুঝলে তুমি আমার বুকের মধ্যে ?<br />\r\n	কো জাগরি চাঁদ এখন আমাদের খুব কাছে ইচ্ছা করলেই ছুঁতে পারি!<br />\r\n	ভালবাসার কমনীয়তা;অতঃপর সুলতানের পেশিবহুল কৃষকের বাহুর মত<br />\r\n	তেজে, কর্ষণে ফলাতে পারি ফসল ।<br />\r\n	<br />\r\n	আমি তোমার একদিন,জলাঙ্গী স্বপ্ন ছিলাম; হাওয়ার নৃত্যের মত<br />\r\n	টলটলে জলে যখন দেখতে তোমার মুখ<br />\r\n	এমন শ্রাবণ ঢেউয়ে ! তোমার অভিমান মিলাতে ।<br />\r\n	অতঃপর ভাবতে তুমি,ভালবাসা তোমার নদী আর নদী তোমার মন<br />\r\n	এই শ্রাবণে উচ্ছল ঢেউয়ের মত তুমি যৌবনা।<br />\r\n	তাইতো জলাঙ্গী স্বপ্ন আমার শিহরিত করে তোমায়, চঞ্চল করে,<br />\r\n	ঘুমহারা চোখে চাঁদ দেখার বিলাস ।<br />\r\n	<br />\r\n	একদিন আমি ছিলাম তোমার অভিমানি যন্ত্রণার আকর;<br />\r\n	পথ চেয়ে খুঁজতে আমায়, সময়ের পাহাড় ঠেলে।<br />\r\n	আমায় চাইতেই !শ্রাবণ এল বিরামহীন বৃষ্টি জলের মাতমে<br />\r\n	ছুঁয়ে ছুঁয়ে গান শুনা লো,ভিজিয়ে শরীর তৃঞ্চা জাগালো;<br />\r\n	বাদল রাতের তন্দ্রায় ডুবে আমার তোমার ভাব জমাল।<br />\r\n	এমনি করে শ্রাবণ মাখা আমি তুমি ! যন্ত্রণা সই<br />\r\n	সময় অসময়ে বৃষ্টিতে তাই নিত্য ভিজি ।</p>\r\n', '124', 0, 0, 0, 0, '0000-00-00 00:00:00', 21, '', '2012-09-27 03:36:42', '0000-00-00 00:00:00', 23, 0, '2012-09-27 04:48:33', 1),
  (125, 7, 'blog', 0, 'admin-trash', 0, '', 'একটি সকাল ও কিছু সৃষ্টি', '<p>\r\n	একটি সকাল পার হলো। অনেক দিন পর আবার একটি নির্ঘুম রাত কাটালাম। কিন্তু তার মাঝেও অনেক আনন্দ নিয়ে কিছু সৃষ্টি করলাম।&nbsp;</p>\r\n<p>\r\n	সৃষ্টির মাঝে আসলে অনেক আনন্দ আছে। সেগুলো সবসময় অনুধাবন করা যায় না।</p>\r\n', '125', 0, 0, 0, 0, '0000-00-00 00:00:00', 0, '', '2012-09-27 20:19:24', '2012-09-29 03:46:59', 16, 16, '2012-09-29 04:45:02', 0);
INSERT INTO `blogs` (`blog_id`, `blog_category_id`, `post_type`, `status_id`, `status`, `episode_id`, `episode_number`, `title`, `description`, `permalink`, `is_published`, `is_post`, `is_selected`, `sticky_on_home_page`, `publish_date`, `viewed`, `featured_image`, `create_date`, `update_date`, `create_by`, `update_by`, `last_modaretion_date`, `last_modarate_by`) VALUES
  (126, 9, 'blog', 0, 'publish', 0, '', 'ঘুম অথবা জাগরণকাল', '<p>\r\n	<span style="color: rgb(51, 51, 51); font-family: solaimanLipi, ''siyam rupali'', ''Segoe UI'', verdana, arial, sans-serif; font-size: 16px; ">জেগে আছে কেউ কেউ</span><br style="margin: 0px; padding: 0px; outline-style: none; outline-width: 0px; color: rgb(51, 51, 51); font-family: solaimanLipi, ''siyam rupali'', ''Segoe UI'', verdana, arial, sans-serif; font-size: 16px; " />\r\n	<span style="color: rgb(51, 51, 51); font-family: solaimanLipi, ''siyam rupali'', ''Segoe UI'', verdana, arial, sans-serif; font-size: 16px; ">তাই বাইরের আকাশে ক্ষয়িঞ্চু ঝড়</span><br style="margin: 0px; padding: 0px; outline-style: none; outline-width: 0px; color: rgb(51, 51, 51); font-family: solaimanLipi, ''siyam rupali'', ''Segoe UI'', verdana, arial, sans-serif; font-size: 16px; " />\r\n	<span style="color: rgb(51, 51, 51); font-family: solaimanLipi, ''siyam rupali'', ''Segoe UI'', verdana, arial, sans-serif; font-size: 16px; ">আজ তবে অধর ছোঁয়ে যাক নগ্ন হাত</span><br style="margin: 0px; padding: 0px; outline-style: none; outline-width: 0px; color: rgb(51, 51, 51); font-family: solaimanLipi, ''siyam rupali'', ''Segoe UI'', verdana, arial, sans-serif; font-size: 16px; " />\r\n	<span style="color: rgb(51, 51, 51); font-family: solaimanLipi, ''siyam rupali'', ''Segoe UI'', verdana, arial, sans-serif; font-size: 16px; ">আকাঙ্ক্ষার ঝড়ে লুটোপুটি খাক বিকেলের মেঘ।</span><br style="margin: 0px; padding: 0px; outline-style: none; outline-width: 0px; color: rgb(51, 51, 51); font-family: solaimanLipi, ''siyam rupali'', ''Segoe UI'', verdana, arial, sans-serif; font-size: 16px; " />\r\n	<br style="margin: 0px; padding: 0px; outline-style: none; outline-width: 0px; color: rgb(51, 51, 51); font-family: solaimanLipi, ''siyam rupali'', ''Segoe UI'', verdana, arial, sans-serif; font-size: 16px; " />\r\n	<span style="color: rgb(51, 51, 51); font-family: solaimanLipi, ''siyam rupali'', ''Segoe UI'', verdana, arial, sans-serif; font-size: 16px; ">শুরুতে ওমন আশ্চর্য বাতায়ন</span><br style="margin: 0px; padding: 0px; outline-style: none; outline-width: 0px; color: rgb(51, 51, 51); font-family: solaimanLipi, ''siyam rupali'', ''Segoe UI'', verdana, arial, sans-serif; font-size: 16px; " />\r\n	<span style="color: rgb(51, 51, 51); font-family: solaimanLipi, ''siyam rupali'', ''Segoe UI'', verdana, arial, sans-serif; font-size: 16px; ">কুয়াশা জমানো ভোরে হাঁক ছাড়ে শিশির কণা</span><br style="margin: 0px; padding: 0px; outline-style: none; outline-width: 0px; color: rgb(51, 51, 51); font-family: solaimanLipi, ''siyam rupali'', ''Segoe UI'', verdana, arial, sans-serif; font-size: 16px; " />\r\n	<span style="color: rgb(51, 51, 51); font-family: solaimanLipi, ''siyam rupali'', ''Segoe UI'', verdana, arial, sans-serif; font-size: 16px; ">হালখাতা লিখা আছে বিগত রাতের শেষ বেলায়</span><br style="margin: 0px; padding: 0px; outline-style: none; outline-width: 0px; color: rgb(51, 51, 51); font-family: solaimanLipi, ''siyam rupali'', ''Segoe UI'', verdana, arial, sans-serif; font-size: 16px; " />\r\n	<span style="color: rgb(51, 51, 51); font-family: solaimanLipi, ''siyam rupali'', ''Segoe UI'', verdana, arial, sans-serif; font-size: 16px; ">এক এক করে একাধিক অথবা সহস্রাধিক রহস্য</span><br style="margin: 0px; padding: 0px; outline-style: none; outline-width: 0px; color: rgb(51, 51, 51); font-family: solaimanLipi, ''siyam rupali'', ''Segoe UI'', verdana, arial, sans-serif; font-size: 16px; " />\r\n	<span style="color: rgb(51, 51, 51); font-family: solaimanLipi, ''siyam rupali'', ''Segoe UI'', verdana, arial, sans-serif; font-size: 16px; ">এ আমার নয়- যারা বলে তারা আসলেই সম্বন্ধীয় কেউ ছিল না।</span><br style="margin: 0px; padding: 0px; outline-style: none; outline-width: 0px; color: rgb(51, 51, 51); font-family: solaimanLipi, ''siyam rupali'', ''Segoe UI'', verdana, arial, sans-serif; font-size: 16px; " />\r\n	<br style="margin: 0px; padding: 0px; outline-style: none; outline-width: 0px; color: rgb(51, 51, 51); font-family: solaimanLipi, ''siyam rupali'', ''Segoe UI'', verdana, arial, sans-serif; font-size: 16px; " />\r\n	<span style="color: rgb(51, 51, 51); font-family: solaimanLipi, ''siyam rupali'', ''Segoe UI'', verdana, arial, sans-serif; font-size: 16px; ">নিজ থেকে পিতা হয়ে চৌদ্দপুরুষ</span><br style="margin: 0px; padding: 0px; outline-style: none; outline-width: 0px; color: rgb(51, 51, 51); font-family: solaimanLipi, ''siyam rupali'', ''Segoe UI'', verdana, arial, sans-serif; font-size: 16px; " />\r\n	<span style="color: rgb(51, 51, 51); font-family: solaimanLipi, ''siyam rupali'', ''Segoe UI'', verdana, arial, sans-serif; font-size: 16px; ">দেখিয়েছে সেদিন নিজেদের দিনে কালের ঋতি</span><br style="margin: 0px; padding: 0px; outline-style: none; outline-width: 0px; color: rgb(51, 51, 51); font-family: solaimanLipi, ''siyam rupali'', ''Segoe UI'', verdana, arial, sans-serif; font-size: 16px; " />\r\n	<span style="color: rgb(51, 51, 51); font-family: solaimanLipi, ''siyam rupali'', ''Segoe UI'', verdana, arial, sans-serif; font-size: 16px; ">তার কিছুটা আলসেমি করে নিজের সাথে</span><br style="margin: 0px; padding: 0px; outline-style: none; outline-width: 0px; color: rgb(51, 51, 51); font-family: solaimanLipi, ''siyam rupali'', ''Segoe UI'', verdana, arial, sans-serif; font-size: 16px; " />\r\n	<span style="color: rgb(51, 51, 51); font-family: solaimanLipi, ''siyam rupali'', ''Segoe UI'', verdana, arial, sans-serif; font-size: 16px; ">সামনে আসে অবাঞ্চিতজনের জলরঙা শরীর।</span><br style="margin: 0px; padding: 0px; outline-style: none; outline-width: 0px; color: rgb(51, 51, 51); font-family: solaimanLipi, ''siyam rupali'', ''Segoe UI'', verdana, arial, sans-serif; font-size: 16px; " />\r\n	<br style="margin: 0px; padding: 0px; outline-style: none; outline-width: 0px; color: rgb(51, 51, 51); font-family: solaimanLipi, ''siyam rupali'', ''Segoe UI'', verdana, arial, sans-serif; font-size: 16px; " />\r\n	<span style="color: rgb(51, 51, 51); font-family: solaimanLipi, ''siyam rupali'', ''Segoe UI'', verdana, arial, sans-serif; font-size: 16px; ">কেউ নেই, কেউ আছে আর কেউ কেউ গভীর ঘুমে</span><br style="margin: 0px; padding: 0px; outline-style: none; outline-width: 0px; color: rgb(51, 51, 51); font-family: solaimanLipi, ''siyam rupali'', ''Segoe UI'', verdana, arial, sans-serif; font-size: 16px; " />\r\n	<span style="color: rgb(51, 51, 51); font-family: solaimanLipi, ''siyam rupali'', ''Segoe UI'', verdana, arial, sans-serif; font-size: 16px; ">জেগে আছে যে ছুঁয়েছে সে কালের শরীর</span><br style="margin: 0px; padding: 0px; outline-style: none; outline-width: 0px; color: rgb(51, 51, 51); font-family: solaimanLipi, ''siyam rupali'', ''Segoe UI'', verdana, arial, sans-serif; font-size: 16px; " />\r\n	<span style="color: rgb(51, 51, 51); font-family: solaimanLipi, ''siyam rupali'', ''Segoe UI'', verdana, arial, sans-serif; font-size: 16px; ">জাগেনি যে শেখেনি কভু সহবাসী সুঘ্রাণ</span></p>\r\n', '126', 0, 0, 0, 0, '0000-00-00 00:00:00', 38, '', '2012-09-28 02:11:50', '0000-00-00 00:00:00', 50, 0, '2012-09-28 02:14:50', 1),
  (127, 9, 'blog', 0, 'publish', 0, '', ' বাদশাহী শিরোচ্ছেদ', '<div>\r\n	<span>সব মিলে কাদামাটির পাত্রটি ক্ষণে ক্ষণে পাল্টিয়ে যায়-</span></div>\r\n<div class="mbl notesBlogText clearfix">\r\n	<div>\r\n		<p>\r\n			<span>হয়ত তারও প্রাণ আছে, প্রমাণ করে চলে যে</span></p>\r\n		<p>\r\n			<span>সব পাড়ার কুমোররাই যেন একে অপরকে হিংসে করে</span></p>\r\n		<p>\r\n			<span>তাই হয়তো মাটি পুড়ানোর গন্ধে এত বিভিন্নতা</span></p>\r\n		<p>\r\n			<span>এর সুযোগে হুকুম আসে বাদশাহী শিরোচ্ছেদের</span></p>\r\n		<p>\r\n			<span>এই সুযোগে পালন করা হয় বাদশাহী শিরোচ্ছেদ।</span></p>\r\n	</div>\r\n</div>\r\n<p>\r\n	&nbsp;</p>\r\n', '127', 0, 0, 0, 0, '0000-00-00 00:00:00', 5, '', '2012-09-28 09:06:34', '0000-00-00 00:00:00', 51, 0, '2012-09-28 10:10:28', 1),
  (128, 13, 'blog', 0, 'publish', 0, '', 'আপনারা কিছু বুঝিতে পারিতেছেন?', '<p>\r\n	<img alt="" src="http://profile.ak.fbcdn.net/hprofile-ak-snc4/71095_245316313847_3929802_n.jpg" style="width: 200px; height: 250px;" /></p>\r\n<p style="text-align: justify;">\r\n	বেশ কিছু বৎসর ধরিয়া অন্তর্জালের সহিত আমার সখ্য গড়িয়া উঠিয়াছে। সেই সুবাদে দেখিয়াছি অনেক কিছু, শিখিয়াছি ও বিস্তর। বড়ই পরিতাপের বিষয় এই যে, অন্তর্জালের সাথে এই সুদীর্ঘ পথ পরিক্রমায় আমার মনে একটি কথাই ঘুরিয়া ফিরিয়া উদয় হইতেছে, &ldquo;আমরা কি পুনরায় আদিম যুগে ফিরিয়া যাইতেছি?&rdquo; আমার মনে গহীনে উকি দেয়া এই প্রশ্নটির উত্তর হইল &ldquo;হ্যাঁ&rdquo;। তবে সাথে করিয়া লইয়া যাইতেছি কিছু আস্তিক, নাস্তিক তর্ক। আর কিছু লুলিয় ভাবনা। যাহা হয়ত আদিম মানুষের মাঝেও পরিলক্ষিত হইত না। এমন কি মায়ান জাতিও এই লুলিয় আচরন বুঝিত না।</p>\r\n<p style="text-align: justify;">\r\n	&nbsp;</p>\r\n<p style="text-align: justify;">\r\n	অনেকের কাছেই শুনিতেছি যে, পৃথিবী নাকি ধ্বংসের দ্বারপ্রান্তে। ২০১২ সালেই নাকি পৃথিবী ধ্বংস হইয়া যাইবে, মায়ান, এজটেক ছাড়াও বিভিন্ন সভ্য এবং অসভ্য জাতিগন ইহা ভবিষ্যৎ বানী করিয়া গিয়াছেন, ২০১২ তে পৃথিবীর ভবিষ্যৎ লইয়া এই সভ্যতার বিজ্ঞানীগণ ও অতিশয় চিন্তিত হইয়া পড়িয়াছেন।</p>\r\n<p style="text-align: justify;">\r\n	&nbsp;</p>\r\n<p style="text-align: justify;">\r\n	আস্তিক এবং নাস্তিকতা লইয়া আমি মনের বেশ কিছু অংশ জুড়িয়া দুঃখিত। কারন, একদিকে যেমন ধর্মকে বিভিন্নভাবে ব্যাখ্যা করিয়া আস্তিকগন কে সমৃদ্ধ করা হইতেছে, ঠিক তেমনি ভাবে বিজ্ঞানের কিছু আলোচনা রেফারেন্স টানিয়া নাস্তিকতা একটা শিল্পে পরিণত হইতেছে। কেহ আবার ইহাকে হালের ফ্যাশন বলিয়াও আখ্যায়িত করিতেছেন। অপরদিকে বাড়িয়া চলিয়াছে জঙ্গিবাদ। আমার মাঝে মাঝে সন্দেহ হয় যে, এই জঙ্গিবাদের অস্তিত্ব বাস্তবে যতটুকু পরিলক্ষিত হয়, মিডিয়া তাহার চেয়ে অনেক বেশি এইটা ফুটাইয়া তুলিতেছে না তো? ঠিক বুঝিতে পারি না কি হইতেছে।</p>\r\n<p style="text-align: justify;">\r\n	&nbsp;</p>\r\n<p style="text-align: justify;">\r\n	আমি পৃথিবীর বুকে ছোট্ট একটি দেশে বসবাস করিতেছি। উহাকে বাংলাদেশ নামে অভিহিত করা হইয়া থাকে। ১৯৫২ তে আমরা বাংলা ভাষা অর্জন করিয়াছি বুকের তাজা রক্তের বিনিময়ে। পৃথিবীর আর কোন জাতি, ভাষার জন্য এমন আত্মত্যাগ করে নাই। ইহার সুবাদে ২১ ফেব্রুয়ারি কে আন্তর্জাতিক মাতৃভাষা হিসেবে স্বীকৃতি দেয়া হইয়াছে। এই বাংলা ভাষাতেই সর্বাধিক রচিত হইতেছে লুলিয় সাহিত্য। ফেসবুক, ব্লগ এবং ওয়েব সাইটের কল্যানে আমরা চর্চা শিখিতেছি বাংলার ইরেজি ভার্সনের। যাহাকে বাংলিশ বলা হইয়া থাকে। মাঝে মাঝে অবাক হইয়া ভাবি, এই জাতি উন্নতি কি করিয়া করিবে। আমাদিগের আশেপাশে ছড়াইয়া ছিটাইয়া আছে কেবলই হতাশা আর হতাশা। শিল্পীরা অহরহ গাহিয়া চলিতেছে, &ldquo;ফাইট্টা যায়, বুকটা ফাইট্টা যায়&rdquo; অথবা গাহিতেছে &ldquo;তুমি কি দেখেছ কভু জীবনের পরাজয়&rdquo; অথবা গাহিতেছে &ldquo;আমি কষ্ট পেতে ভালবাসি&rdquo;। আপনারাই বলুন সার্বক্ষণিক হতাশা দেখিয়া কি আশাবাদী হইতে ইচ্ছে করে?</p>\r\n<p style="text-align: justify;">\r\n	<br />\r\n	মানুষ দিন দিন বাস্তবের সামাজিকতা ভুলিয়া একা হইতে চাইতেছে, স্বাধীনতার নাম লইয়া, স্বেচ্ছাচারিতার পোশাক গায়ে চড়াইতেছে, প্রচণ্ড রকম স্বার্থপর হইয়া যাইতেছে, আর অন্তর্জালে সামাজিকতা চর্চা করিতেছে। আর সেইখানেই শিখিতেছে ফেক আর লুলিয় আচরন। মোরগে ডিম পাড়িতেছে, নগ্ন বিবাহ অনুষ্ঠিত হইতেছে, রক্তচাপ, ডায়বেটিক, বক্ষব্যাধি, ইত্যাদি রোগ বাড়িতেছে। রাজনীতি আক্রান্ত হইতেছে দুর্নীতি, টেন্ডারবাজী, খুন, ধর্ষণ, রাহাজানি, রোগে। অস্থিতিশীল হইতেছে অর্থনীতি। সবাই আবর্জনা বলিয়া হাঁটিয়া চলিয়া যাইতেছে, কেহই এই আবর্জনা পরিস্কার করিতে উদ্যোগী হইতেছে না, পাছে উনি আবর্জনায় আবৃত হন এই ভয়ে। মানুষ নম্রতা ভুলিয়া হিংসা কে আপন করিয়া নিতেছে। তবে কি ইহাই ধ্বংসের লক্ষন? আমি বুঝিতে পারিতেছি না। আপনারা কি বুঝিতেছেন?</p>\r\n', '128', 0, 0, 0, 0, '0000-00-00 00:00:00', 7, '', '2012-09-28 13:04:33', '0000-00-00 00:00:00', 22, 0, '2012-09-29 03:48:27', 1),
  (129, 7, 'blog', 0, 'admin-trash', 0, '', 'স্বাগতম', '<p>\r\n	স্বাগতম</p>\r\n', '129', 0, 0, 0, 0, '0000-00-00 00:00:00', 0, '', '2012-09-29 03:47:46', '0000-00-00 00:00:00', 16, 0, '2012-09-29 04:45:12', 0),
  (130, 9, 'blog', 0, 'publish', 0, '', 'সময় প্রাচীর! বিরহী চিল !', '<p>\r\n	সময় প্রাচীর! বিরহী চিল !<br />\r\n	<br />\r\n	পৃথিবীর আলোছায়ায় ঝরণা ধারা,সবই যায় ক্ষয়ে খানিক,<br />\r\n	ফুল পাখি নদীর জোয়ার ভাটা!<br />\r\n	আঁধার কালো রাত্রির কষ্ট, সুখ বয়ে বেড়ায় সময় প্রাচীর।<br />\r\n	যাপিত জীবন শুধু প্রহসন ভিজায়<br />\r\n	এই শ্রাবণে, অথচ সে মুছে না, হৃদয় বহে যন্ত্রণা<br />\r\n	সাক্ষাতে যাতনা জানে ক্ষণে ক্ষণে তন্দ্রা ভাঙ্গে।<br />\r\n	আমি তো পিছনের পথ মারাই না বহুকাল,<br />\r\n	অথচ সময়ের পথ আমাকে নিয়ে যায় সে অচেনা পথের তিমির জঙ্ঘা।<br />\r\n	নদীর মত তোমার কষ্ট নেই,শুধু স্বপ্ন দেখাও আর ভার বইবার মরীচিকা।<br />\r\n	<br />\r\n	বিরহী চিলের ডাকে বুঝা গেল,উর বুকের ব্যথা যানান দিচ্ছে<br />\r\n	ভালবাসা হারানোর লজ্জার কথা! যেন নদীর যৌবনের<br />\r\n	তীর ভাঙ্গার সর্বনাশ।<br />\r\n	বুকের ভিতর কলিজায়,ব্যাথা সব থ্যাঁতলান এক অযাচিত মৃত্যু<br />\r\n	বার বার ডাক দেয়! যেন বর্ষার বানের ভাসানো সর্বহারা।<br />\r\n	<br />\r\n	চোখ বুজে অসিম শূন্যতার, মহা সীমানা আমি পেরুতে পারি না<br />\r\n	ফেলতে পারি না পা, সবুজ ঘাসের স্বপ্ন খুঁজি!<br />\r\n	আলতো জলের ছিটায় চমকে উঠে হটাত ক্ষণকাল।<br />\r\n	<br />\r\n	@@@@@</p>\r\n', '130', 0, 0, 0, 0, '0000-00-00 00:00:00', 23, '', '2012-09-29 13:41:26', '0000-00-00 00:00:00', 23, 0, '2012-09-29 15:55:18', 1),
  (131, 9, 'blog', 0, 'publish', 0, '', 'কথা রাখেনি কুমুদিনী', '<p>\r\n	কথা রাখেনি কুমুদিনী, হয়ত রাখতে পারেনি,</p>\r\n<p>\r\n	&nbsp;</p>\r\n<p>\r\n	কল তলায় এক আজলা জাল খাওয়া শেষে</p>\r\n<p>\r\n	মাথাটা ইষত কাত কর বলেছিল দেখিস অরন্য</p>\r\n<p>\r\n	&ldquo;তোর সাথে আমার সোমপুরে দেখা হবে,</p>\r\n<p>\r\n	&nbsp;</p>\r\n<p>\r\n	তার সাথে পরিচয় বছরের উষাকালে</p>\r\n<p>\r\n	প্রতিদিন দুটি বেনী দুলিয়ে স্কুলে আসতো</p>\r\n<p>\r\n	প্রজাপতি সম রঙ্গিন কুমুদিনী আমার সই।</p>\r\n<p>\r\n	&nbsp;</p>\r\n<p>\r\n	মেঘের লুকোচুরি আর রাত্তিরে গনগনে জোন্সার ঘ্রান</p>\r\n<p>\r\n	বেসামাল পাগল হতো সে।</p>\r\n<p>\r\n	ওর দাদী বলতো মেয়ে হয়ে জন্মেছিস, এত উতলা হতে নেই।</p>\r\n<p>\r\n	পরদিন স্কুলের বারান্দায় বসে, বেতফলের আপ্যায়ন আর......</p>\r\n<p>\r\n	তার বৃস্টি কিংবা জোন্সায় ভেজার গল্প।</p>\r\n<p>\r\n	&nbsp;</p>\r\n<p>\r\n	আজো বৃস্টি কিংবা জোন্সা দেখলে মেঘের ভাজে কুমুদিনীকে দেখি</p>\r\n<p>\r\n	&nbsp;</p>\r\n<p>\r\n	একদিন ভর দুপুর, মুন্সীর পাড়ায় পাখি ধরতে যাওয়া</p>\r\n<p>\r\n	&ldquo;তুই একটা পঙ্খীরাজ আনতে পারবি?&rdquo;&rdquo; কেন রে.............?</p>\r\n<p>\r\n	&ldquo;চৈত্রের সংক্রান্তি শেষে আমি সোম পুর যাবো</p>\r\n<p>\r\n	তুই যদি আমার জন্য্ পঙ্খীরাজ আনতে পারিস</p>\r\n<p>\r\n	তোর জন্য এই পাখির পালকে বিছানা পেতে দেব</p>\r\n<p>\r\n	তুই মখমলের বাবু হবি আর আমি আলেয়া হবো......।&rdquo;</p>\r\n<p>\r\n	&nbsp;</p>\r\n<p>\r\n	মাথা মুন্ডু কিছুই মাথায় ঢুকতো না</p>\r\n<p>\r\n	মাঝে মাঝে দাদীকে বলতাম</p>\r\n<p>\r\n	জানো দাদী কুমুদিনী না বড় হয়ে গেছে,</p>\r\n<p>\r\n	দাদীর কপালে চোখ উঠে যেতো। সে কি রে.......</p>\r\n<p>\r\n	আমি লজ্জায় লাল হতাম</p>\r\n<p>\r\n	&nbsp;</p>\r\n<p>\r\n	সেবার বানের পানিতে দেশ ভেসে গেল</p>\r\n<p>\r\n	শাপলা তুলতে গিয়ে ভেলা ডুবিয়ে দিয়েছিলাম</p>\r\n<p>\r\n	কুমুদিনীর বই ভিজিয়ে দিলাম</p>\r\n<p>\r\n	তারপর হেড স্যারের লাল বেতের দেখা</p>\r\n<p>\r\n	আমার ব্যাথায় কুমুদিনী কেদেছিল আমার চেয়ে বেশী্</p>\r\n<p>\r\n	&nbsp;</p>\r\n<p>\r\n	পানাতোয়া পাখির মত কুমুদিনী আমার সই</p>\r\n<p>\r\n	&nbsp;</p>\r\n<p>\r\n	&nbsp;</p>\r\n<p>\r\n	তারপর একটা র্দীর্ঘ বিরতি</p>\r\n<p>\r\n	দুই কিংবা তিনদিন হবে। কাল রাতে আমি জোন্সা দেখেছি</p>\r\n<p>\r\n	কখন তাকে সেই গল্প শোনাবো। কিন্তু কই কুমুদিনী....</p>\r\n<p>\r\n	স্কুলের বারান্দায়, কলতলায় কিংবা</p>\r\n<p>\r\n	বইয়ের মলাটে বহুবার তাকে খুজেছি &nbsp;</p>\r\n<p>\r\n	&nbsp;</p>\r\n<p>\r\n	কুমুদিনী আর আসেনি</p>\r\n<p>\r\n	শুনেছি তার পথ বদলে গেছে,</p>\r\n<p>\r\n	সোমপুর যাওয়ার বদলে সে এখন মেদিনীপুরের পথে</p>\r\n<p>\r\n	ব্যাথায় কুকড়ে উঠেছি কিন্তু কাউকে বলতে পারিনি,</p>\r\n<p>\r\n	একটা ব্যথা বুঝেছি কিন্তু কারনটা বুঝেছি আজ</p>\r\n<p>\r\n	&nbsp;</p>\r\n<p>\r\n	সেদিন ছিল জোন্সা বিহার</p>\r\n<p>\r\n	আমার মতো সেও জোন্সায় মেতেছিল...</p>\r\n<p>\r\n	একটা ................</p>\r\n<p>\r\n	তারপর কিছু মনে নেই কুমুদিনীর</p>\r\n<p>\r\n	জেগে দেখে সে মেদেনীপুরে পথে অনেক খানি</p>\r\n<p>\r\n	আমার র্দুবল হাত, অপুষ্ট হৃদয় তার ব্যথা বুঝেনি</p>\r\n<p>\r\n	ফেরাতে পারেনি সে পথ থেকে</p>\r\n<p>\r\n	&nbsp;</p>\r\n<p>\r\n	একজন তার পথ চিনিয়েছে</p>\r\n<p>\r\n	এরপর স্কুলের না বুঝা ছেলেমেয়েরা</p>\r\n<p>\r\n	কত বার সেই পথের র্বননা দিয়েছে</p>\r\n<p>\r\n	মন্ডল পাড়ার চায়ের দোকান, কলাতলী নদীর ঘাট,</p>\r\n<p>\r\n	কাখে কলসীনিদের মুখে একটাই কথা</p>\r\n<p>\r\n	এত বাড়তে নেই মেয়ে মানুষের.......</p>\r\n<p>\r\n	&nbsp;</p>\r\n<p>\r\n	এখানেই শেষ হয়নি</p>\r\n<p>\r\n	কথা জীবিরা কোচোখুড়ার মত খুচিয়ে খুচিয়ে সেই গল্প শুনেছে</p>\r\n<p>\r\n	দুবেলা খাবারের রসদ যুগিয়েছে।</p>\r\n<p>\r\n	লেখনীর নেড়ী কুত্তারাও দ্বীধা করেনি</p>\r\n<p>\r\n	ভাগ বসাতে সেই রসময় যাত্রার কাহিনীতে।</p>\r\n<p>\r\n	&nbsp;</p>\r\n<p>\r\n	আমিও ও কি কম গেছি?</p>\r\n<p>\r\n	দুকলম ছত্র লিখে বাহবা কুড়িয়েছি,</p>\r\n<p>\r\n	সবাই যখন রসদের ভাবনায় ব্যস্ত</p>\r\n<p>\r\n	তখন আমি কুকড়ে উঠেছি লজ্জায়</p>\r\n<p>\r\n	কুমুদিনীর মেদেনীপুর যাত্রায় যারা সহযোগী ছিল</p>\r\n<p>\r\n	আমিও যে তাদের একজন।</p>\r\n<p>\r\n	&nbsp;</p>\r\n<p>\r\n	অথচ পথভোলা কুমুদিনী আমার সই।</p>\r\n<p>\r\n	সেই স্কুলের বারান্দা আর কলতলার সই</p>\r\n<p>\r\n	কিংবা..........।</p>\r\n', '131', 0, 0, 0, 0, '0000-00-00 00:00:00', 20, '', '2012-10-01 00:59:13', '0000-00-00 00:00:00', 18, 0, '2012-10-01 01:00:23', 1),
  (132, 8, 'blog', 0, 'publish', 0, '', 'কয়েকটা আজাইরা কথা', '<p>\r\n	কাল দোকান থেকে কিছু কেনাকাটা করার পর অবশিষ্ট টাকা ফেরত দেবার সাথে দোকানদার একটা ছোট্ট্ কাটিতে মোড়ানো কি একটা দেয়। বাসায় এসে মেয়েকে দিলাম সেটি। মেয়েতো খুশিতে গদগদ। বাবা ললিপপ এনছে? আমি অবাক! বিভিন্ন সময় এর নাম শূনেছি কখনো কিনিনি!</p>\r\n<p>\r\n	মেয়ের মুখে ললিপপের নাম শুনে ছোট বেলার একটা কাহিনী মনে পড়ে গেল।&nbsp; আগে আরেকটা বলি।</p>\r\n<p>\r\n	তখন আমি খুব ছোট। শীতের দিনে রোজা। একরাতে বাবা কানের কাছে ফিস ফিস করে বললেন&nbsp; সরাই( সেহরি) খাইবা? আমি লাফ দিয়ে লেপের নিচ থেকে উঠি।&nbsp; খাবারের নতুন জিনিস। নিশ্চয় অনেক মজার!</p>\r\n<p>\r\n	&nbsp;খেতে বসে এমন শক খেয়েছিলাম তা এতদিন পরে কী করে বোঝাব? কেন শক খেলাম প্রশ্ন করছেন নিশ্চয়? খেয়ে গিয়ে দেখি সব আমার পরিচিত খাবার , মানে ভাত-মাছ!!!</p>\r\n<p>\r\n	এবার ললিপপের গল্প! আমার জন্ম গ্রামে হলেও সেটা শহরের কাছে হওয়ায় আমারা অনেকটাই নাগরিকতার ছোঁয়া পাওয়া মানুষ। ছোট বেলা থেকে শুদ্ধ ভাষা শুনেই অভ্যস্থ্য । এখন বুড়ো হয়ে কত শত নোংড়া ভাষা যে আয়ত্ব করেছি তার ইয়াত্বা নেই!</p>\r\n<p>\r\n	তখনো আমি ছোট। নানা বাড়িতে বেড়াতে গেছি। সে এক অজাপড়া গাঁ। একদিন রাস্তা ধরে হাঁটছি। এক ছেলে স্কুলে যেতে চাচ্ছেনা দেখে তার বাবা ছেলেকে বলছেন &quot;হমনের রববারে বাজার থাইক্যা তরে লেবেনচুচ কিন্যা দিমু,যা বাপ ইস্কল যা&quot;।</p>\r\n<p>\r\n	&nbsp;</p>\r\n<p>\r\n	লেবেনচুচ&#39;(বর্তমান সংস্করণের ললিপপ) শব্দটার সাথে প্রথম পরিচয় আমার। কিন্তু সেটা কি আমি বুঝে উঠতে পারিনি। গিয়ে জিজ্ঞেস করলাম এক মামাত ভাইকে( যিনি বর্তমানে ঢাকার এক থানার দারুগা) উনি আমাকে বর্ণনাটা যেভাবে দিলেন-</p>\r\n<p>\r\n	এক অন্ধ লোককে দুধের রং বোঝাচ্ছে একজন</p>\r\n<p>\r\n	আরে দুধ চিনছনা বকের মত সাদা</p>\r\n<p>\r\n	অন্ধ- বক হেইডা আবার কিমুন?</p>\r\n<p>\r\n	দাও কাছির মত বেকা গলার পাখি</p>\r\n<p>\r\n	অন্ধ- দাও কাছি ইডা আবার কি?</p>\r\n<p>\r\n	শেষ পর্যন্ত একটা দা কাস্তে এনে যখন ওই অন্ধ লোকের হাতে ধরিয়ে দেয়া হল তখন অন্ধ লোকটি বলেছিল&quot; এইবার বুঝছি দুধ কিমুন&quot;!</p>\r\n<p>\r\n	উনি নানা ভাবে আমার সামনে লেবেনচুচকে উপস্থাপন করতে থাকেন। আমি উনার কাছে লেবেনচুচ পাওয়ার আব্দার করি। আমাকে দেবার কথা বলে নানা টাল বাহানা করতে থাকেন।&nbsp; আমাকে দিয়ে নানা কাজ হাসিল করে নেন।&nbsp; আমি অনিচ্ছা সত্ত্বেও করি কেননা আমার যে লোভ ঐ লেবেনচুচ এর প্রতি।</p>\r\n<p>\r\n	নানাভাবে বুদ্ধি খাটিয়ে&nbsp; উনি আমাকে লেবেনচুচের আশা দিয়ে সময় পার করতে থাকেন। আমি ও উনার পিছে ঘুরতেই থাকি লেবেনচুচের আশায়! এভাবে অনেক দিন কাটে। যখনই নানা বাড়ি যেতাম আমি উনার কাছে কাঙ্খিত সেই বস্তুটি চাইতাম উনি নানা বাহানা করে আমাকে ঘুরাতেন।</p>\r\n<p>\r\n	সেদিন রবিবার। সাপ্তাহিক বাজারের দিন। আমি বাজারে ঘুরছি একা একা। কোথায় কি উঠল তা দেখছি। ঘুরতে ঘুরে একটি জাযগায় আসি যেখানে শিশুদের নানা মুখ রোচক খাবার সামগ্রির দোকান। আমি একটা&nbsp; দোকানের সামনে দাড়াই।&nbsp; একটি ছোট্ট ছেলে হঠাৎ দোকানদারকে জিজ্ঞেস করে&quot; লেবেনচুচ আছে&quot;?</p>\r\n<p>\r\n	দোকানদার জবাব দেয়- আছে।</p>\r\n<p>\r\n	একটা একটাকার নোট দিয়ে বলে -আমারে এক টেহার দেও।</p>\r\n<p>\r\n	ছেলেটির হাতে দশটি কাঠি ওয়ালা লজেঞ্জ দেয় দোকানদার।</p>\r\n<p>\r\n	আবার আবারো শক খাই! এই সেই লেবেনচুচ যার জন্য আমি কত সময় আরেকজনার পিছে ঘুরঘুর করেছি!&zwj;!!</p>\r\n', '132', 0, 0, 0, 0, '0000-00-00 00:00:00', 33, 'Array', '2012-10-01 12:23:46', '0000-00-00 00:00:00', 43, 0, '2012-10-01 12:26:23', 1),
  (133, 9, 'blog', 0, 'publish', 0, '', 'সেই যে এক অতীত রাত অতঃপর তুমি কোথায়?', '<p>\r\n	সেই যে এক অতীত রাত অতঃপর তুমি কোথায়?<br />\r\n	<br />\r\n	সেই যে এক অতীত রাত, বিরহে যে পুড়তে<br />\r\n	আঁধারে জোনাকির ভালবাসা দেখালে!চাওয়ার বিলাপে<br />\r\n	হৃদয় পুড়ে স্বপ্ন ছুঁয়ে ব্যাথার প্রলেপ।<br />\r\n	তাইতো মনে পড়ে, স্ফটিক দানায় স্বচ্ছ আলো ছায়া<br />\r\n	মনে পড়ে, জয়নুলের দুর্ভিক্ষের কাকের উল্লাস,গুণটানা মাঝির<br />\r\n	ঘামের ফোটায় স্বপ্ন ভাসে।<br />\r\n	মনে পড়ে সুলতানের কৃষক বিভাস,পেশীর মায়াবি প্রচ্ছন্ন আকুল করা শক্তি,<br />\r\n	মনে পড়ে কামরুলের লোকজ মায়াবি নকশা, ঘোমটা টানা বউয়ের উঁকি<br />\r\n	ভালবাসার নির্ঝর আলো ।<br />\r\n	<br />\r\n	যখন পৃথিবী দেখি, তোমাকে ভাবনায় ছুঁয়ে থাকি<br />\r\n	যখন আকাশ দেখি শুধু তোমাকেই দেখি।<br />\r\n	যখন ভোরের আলো ছুঁই, অনুভব করি স্পর্শ তোমারই,<br />\r\n	যখন সন্ধ্যা নেমে আসে,সাঁঝের মায়া তোমাকেই টানে ।<br />\r\n	যখন শূন্যতায় আঁধার দেখি,আঁধার নান্দনিকতায় তুমি,<br />\r\n	যখন তারা আলোর বিচ্ছুরণ, সেই সুবর্ণ শূন্যতায় তুমি ।<br />\r\n	সেই তুমি কোথায় আজ? মহাশূন্যের সুবর্ণরেখায়, টিমটিমে বাতি জ্বলে ঐ<br />\r\n	পুড়িয়ে জোনাক আলো নিঃস্ব হই আমি ।</p>\r\n<p>\r\n	@@@@@@</p>\r\n', '133', 0, 0, 0, 0, '0000-00-00 00:00:00', 30, '', '2012-10-01 14:41:17', '0000-00-00 00:00:00', 23, 0, '2012-10-01 19:26:44', 1),
  (134, 9, 'blog', 0, 'publish', 0, '', '♠ ♠ ♠ ♠ ♠ ♠ আমি পরাজিত; এসো হাতটি ধরো ♠ ♠ ♠ ♠ ♠ ♠ ', '<p>\r\n	<a href="http://media.somewhereinblog.net/images/thumbs/sokal_ratri_1265368202_1-44178_1_.jpg"><img alt="" src="http://media.somewhereinblog.net/images/thumbs/sokal_ratri_1265368202_1-44178_1_.jpg" /></a></p>\r\n<p>\r\n	&nbsp;</p>\r\n<p>\r\n	&nbsp;</p>\r\n<p>\r\n	আমি যদি থমকে যাই; তাহলে এসে হাতটি ধরো ?<br />\r\n	<br />\r\n	আমি যদি চমকে যাই; তাহলে কাছে টেনে নিও !!!<br />\r\n	<br />\r\n	<br />\r\n	আমি রাত নই,চাদ নই , স্বপ্ন নই<br />\r\n	আমি তোমার স্বপ্ন<br />\r\n	তোমাকে ভাসাবো ডোবাবো<br />\r\n	হাসাবো ,কাদাবো।<br />\r\n	<br />\r\n	<br />\r\n	আমি যদি হেরে যাই; তাহলে এসো পরাজিত কে দিতে স্বান্তনা।<br />\r\n	&nbsp;</p>\r\n', '134', 0, 0, 0, 0, '0000-00-00 00:00:00', 29, '', '2012-10-01 20:06:18', '0000-00-00 00:00:00', 27, 0, '2012-10-01 21:51:18', 1),
  (135, 0, 'episode', 0, 'publish', 9, 'episode one', '', '<p>\r\n	test for demo episode one. this is line one.</p>\r\n<p>\r\n	this is line two.</p>\r\n<p>\r\n	this is line three.</p>\r\n<p>\r\n	this is line four.</p>\r\n<p>\r\n	this is line five.</p>\r\n', '', 0, 0, 0, 0, '0000-00-00 00:00:00', 0, '', '2012-10-03 11:13:23', '0000-00-00 00:00:00', 35, 1, '0000-00-00 00:00:00', 0),
  (136, 0, 'episode', 0, 'publish', 9, 'episode two', '', '<p>\r\n	test for demo episode two. this is line one.</p>\r\n<p>\r\n	this is line two.</p>\r\n<p>\r\n	this is line three.</p>\r\n<p>\r\n	this is line four.</p>\r\n<p>\r\n	this is line five.</p>\r\n', '', 0, 0, 0, 0, '0000-00-00 00:00:00', 0, '', '2012-10-03 11:17:48', '0000-00-00 00:00:00', 35, 1, '0000-00-00 00:00:00', 0),
  (137, 0, 'episode', 0, 'publish', 9, 'episode three', '', '<p>\r\n	test for episode three. this is line one.</p>\r\n<p>\r\n	this is line two.</p>\r\n<p>\r\n	this is line three.</p>\r\n<p>\r\n	this is line four.</p>\r\n<p>\r\n	this is line five.</p>\r\n', '', 0, 0, 0, 0, '0000-00-00 00:00:00', 0, '', '2012-10-03 12:00:05', '0000-00-00 00:00:00', 35, 1, '0000-00-00 00:00:00', 0),
  (138, 13, 'blog', 0, 'publish', 0, '', 'অফিস, বাসাবাড়ি ও শিল্প কারখানাতে সৌর বিদ্যুৎ স্থাপন নিয়ে বিদ্যুৎ সরবরাহকারী বিভিন্ন প্রতিষ্ঠানের কর্মকর্তা/ কর্মচারীদের রমরমা বাণিজ্য।', '<p>\r\n	সরকারী বিধি অনুযায়ী প্রতিটি অফিস, বাসাবাড়ি ও শিল্প কারখানাতে নতুন বিদ্যুৎ কানেকশন পেতে হলে পূর্বে নির্ধারিত হারে সৌর শক্তি স্থাপন করতে হয়। বিদ্যুৎ অফিসে আবেদন করার পরে বিদ্যুৎ বিতরণ বিভাগ গ্রাহককে চিঠি দিয়ে জানিয়ে দেয় গ্রাহকের কত ওয়াটের সৌর বিদ্যুৎ স্থাপন করতে হবে। গ্রাহক সেই অনুযায়ী সৌর বিদ্যুৎ স্থাপন করে বিদ্যুৎ বিতরণ বিভাগকে অবহিত করলে বিদ্যুৎ বিতরণ বিভাগ তা যাচাই পূর্বক বিদ্যুতের কানেকশন দিয়ে দেয়।&nbsp;<br />\r\n	<br />\r\n	উপরে উল্লেখিত পদ্ধতিটি সঠিক ও নিয়মানুযায়ী। কিন্তু বাস্তবে বেশ অমিল দেখা যাচ্ছে। ধরা যাক কোন নতুন বিল্ডিং এ ২০০০ ওয়াট এর সৌরবিদ্যুৎ স্থাপন করার কথা বলা হয়েছে, এখন বিদ্যুৎ সরবরাহকারী প্রতিষ্ঠানের কিছু কর্মকর্তা ও কর্মচারী গ্রাহককে লোভনীয় অফার দিয়ে বলে কেন এত টাকা খরচ করবেন। আমাদের লোকজন ই তো ইন্সপেকশন করবে। আপনি কম ওয়াটের সৌরবিদ্যুৎ লাগান। বাকিটা আমরা ম্যানেজ করবো।<br />\r\n	<br />\r\n	এভাবেই বিভিন্ন আইনি ফাক ফোকর বের করে রমরমা বাণিজ্য শুরু করে দিয়েছেন বিদ্যুৎ সরবরাহকারী বিভিন্ন প্রতিষ্ঠানের কর্মকর্তা/ কর্মচারীরা। কেউ আবার নামে বেনামে সৌর বিদ্যুৎ/ সাব-স্টেশন এর কোম্পানি খুলে বসেছেন।<img alt="" src="http://www.facebook.com/photo.php?fbid=256938637742596&amp;set=a.246933825409744.36167.232660596837067&amp;type=1&amp;theater" /></p>\r\n', '138', 0, 0, 0, 0, '0000-00-00 00:00:00', 26, 'Array', '2012-10-03 14:26:13', '0000-00-00 00:00:00', 19, 0, '2012-10-03 18:22:39', 1);
INSERT INTO `blogs` (`blog_id`, `blog_category_id`, `post_type`, `status_id`, `status`, `episode_id`, `episode_number`, `title`, `description`, `permalink`, `is_published`, `is_post`, `is_selected`, `sticky_on_home_page`, `publish_date`, `viewed`, `featured_image`, `create_date`, `update_date`, `create_by`, `update_by`, `last_modaretion_date`, `last_modarate_by`) VALUES
  (139, 9, 'blog', 0, 'publish', 0, '', 'নদীর নাম পায়রা', '<p>\r\n	<span style="color: rgb(85, 85, 68); font-family: tahoma, ''Trebuchet MS'', lucida, helvetica, sans-serif; font-size: 13px; line-height: 18px; ">পায়রা তোমার কাঁদা পানি</span><br />\r\n	<span style="color: rgb(85, 85, 68); font-family: tahoma, ''Trebuchet MS'', lucida, helvetica, sans-serif; font-size: 13px; line-height: 18px; ">আমার কাছে মুক্তা-মণি</span><br style="color: rgb(85, 85, 68); font-family: tahoma, ''Trebuchet MS'', lucida, helvetica, sans-serif; font-size: 13px; line-height: 18px; " />\r\n	<span style="color: rgb(85, 85, 68); font-family: tahoma, ''Trebuchet MS'', lucida, helvetica, sans-serif; font-size: 13px; line-height: 18px; ">তোমার জলের ছলাৎ ধ্বনি</span><br style="color: rgb(85, 85, 68); font-family: tahoma, ''Trebuchet MS'', lucida, helvetica, sans-serif; font-size: 13px; line-height: 18px; " />\r\n	<span style="color: rgb(85, 85, 68); font-family: tahoma, ''Trebuchet MS'', lucida, helvetica, sans-serif; font-size: 13px; line-height: 18px; ">চোখ মুদিলে আজ ও শুনি ।</span><br style="color: rgb(85, 85, 68); font-family: tahoma, ''Trebuchet MS'', lucida, helvetica, sans-serif; font-size: 13px; line-height: 18px; " />\r\n	<span style="color: rgb(85, 85, 68); font-family: tahoma, ''Trebuchet MS'', lucida, helvetica, sans-serif; font-size: 13px; line-height: 18px; ">তোমার দেওয়া পলি দিয়ে</span><br style="color: rgb(85, 85, 68); font-family: tahoma, ''Trebuchet MS'', lucida, helvetica, sans-serif; font-size: 13px; line-height: 18px; " />\r\n	<span style="color: rgb(85, 85, 68); font-family: tahoma, ''Trebuchet MS'', lucida, helvetica, sans-serif; font-size: 13px; line-height: 18px; ">সোনার ফসল ফলে</span><br style="color: rgb(85, 85, 68); font-family: tahoma, ''Trebuchet MS'', lucida, helvetica, sans-serif; font-size: 13px; line-height: 18px; " />\r\n	<span style="color: rgb(85, 85, 68); font-family: tahoma, ''Trebuchet MS'', lucida, helvetica, sans-serif; font-size: 13px; line-height: 18px; ">কত মানুষ জীবন বাঁচায়</span><br style="color: rgb(85, 85, 68); font-family: tahoma, ''Trebuchet MS'', lucida, helvetica, sans-serif; font-size: 13px; line-height: 18px; " />\r\n	<span style="color: rgb(85, 85, 68); font-family: tahoma, ''Trebuchet MS'', lucida, helvetica, sans-serif; font-size: 13px; line-height: 18px; ">ভেসে তোমার জলে ।</span><br style="color: rgb(85, 85, 68); font-family: tahoma, ''Trebuchet MS'', lucida, helvetica, sans-serif; font-size: 13px; line-height: 18px; " />\r\n	<span style="color: rgb(85, 85, 68); font-family: tahoma, ''Trebuchet MS'', lucida, helvetica, sans-serif; font-size: 13px; line-height: 18px; ">কভু মিঠা কভু লোনা</span><br style="color: rgb(85, 85, 68); font-family: tahoma, ''Trebuchet MS'', lucida, helvetica, sans-serif; font-size: 13px; line-height: 18px; " />\r\n	<span style="color: rgb(85, 85, 68); font-family: tahoma, ''Trebuchet MS'', lucida, helvetica, sans-serif; font-size: 13px; line-height: 18px; ">রূপ যে তোমার কত?</span><br style="color: rgb(85, 85, 68); font-family: tahoma, ''Trebuchet MS'', lucida, helvetica, sans-serif; font-size: 13px; line-height: 18px; " />\r\n	<span style="color: rgb(85, 85, 68); font-family: tahoma, ''Trebuchet MS'', lucida, helvetica, sans-serif; font-size: 13px; line-height: 18px; ">তোমার বুবক প্রাণ দিয়েছে</span><br style="color: rgb(85, 85, 68); font-family: tahoma, ''Trebuchet MS'', lucida, helvetica, sans-serif; font-size: 13px; line-height: 18px; " />\r\n	<span style="color: rgb(85, 85, 68); font-family: tahoma, ''Trebuchet MS'', lucida, helvetica, sans-serif; font-size: 13px; line-height: 18px; ">মানুস শত-শত ।</span><br style="color: rgb(85, 85, 68); font-family: tahoma, ''Trebuchet MS'', lucida, helvetica, sans-serif; font-size: 13px; line-height: 18px; " />\r\n	<span style="color: rgb(85, 85, 68); font-family: tahoma, ''Trebuchet MS'', lucida, helvetica, sans-serif; font-size: 13px; line-height: 18px; ">কারো মুখে ভাত তুলে দাও</span><br style="color: rgb(85, 85, 68); font-family: tahoma, ''Trebuchet MS'', lucida, helvetica, sans-serif; font-size: 13px; line-height: 18px; " />\r\n	<span style="color: rgb(85, 85, 68); font-family: tahoma, ''Trebuchet MS'', lucida, helvetica, sans-serif; font-size: 13px; line-height: 18px; ">কাউকে আবার মারো</span><br style="color: rgb(85, 85, 68); font-family: tahoma, ''Trebuchet MS'', lucida, helvetica, sans-serif; font-size: 13px; line-height: 18px; " />\r\n	<span style="color: rgb(85, 85, 68); font-family: tahoma, ''Trebuchet MS'', lucida, helvetica, sans-serif; font-size: 13px; line-height: 18px; ">আপন করে পর করে দাও</span><br style="color: rgb(85, 85, 68); font-family: tahoma, ''Trebuchet MS'', lucida, helvetica, sans-serif; font-size: 13px; line-height: 18px; " />\r\n	<span style="color: rgb(85, 85, 68); font-family: tahoma, ''Trebuchet MS'', lucida, helvetica, sans-serif; font-size: 13px; line-height: 18px; ">কেমনে তুমি পারো ?</span><br style="color: rgb(85, 85, 68); font-family: tahoma, ''Trebuchet MS'', lucida, helvetica, sans-serif; font-size: 13px; line-height: 18px; " />\r\n	<span style="color: rgb(85, 85, 68); font-family: tahoma, ''Trebuchet MS'', lucida, helvetica, sans-serif; font-size: 13px; line-height: 18px; ">তবুও তোমায় ভালোবাসি</span><br style="color: rgb(85, 85, 68); font-family: tahoma, ''Trebuchet MS'', lucida, helvetica, sans-serif; font-size: 13px; line-height: 18px; " />\r\n	<span style="color: rgb(85, 85, 68); font-family: tahoma, ''Trebuchet MS'', lucida, helvetica, sans-serif; font-size: 13px; line-height: 18px; ">আমার সুখে-দুঃখে</span><br style="color: rgb(85, 85, 68); font-family: tahoma, ''Trebuchet MS'', lucida, helvetica, sans-serif; font-size: 13px; line-height: 18px; " />\r\n	<span style="color: rgb(85, 85, 68); font-family: tahoma, ''Trebuchet MS'', lucida, helvetica, sans-serif; font-size: 13px; line-height: 18px; ">কারন তোমার প্রবাহ ধারা</span><br style="color: rgb(85, 85, 68); font-family: tahoma, ''Trebuchet MS'', lucida, helvetica, sans-serif; font-size: 13px; line-height: 18px; " />\r\n	<span style="color: rgb(85, 85, 68); font-family: tahoma, ''Trebuchet MS'', lucida, helvetica, sans-serif; font-size: 13px; line-height: 18px; ">জন্ম ভুমির বুকে ।</span></p>\r\n', '139', 0, 0, 0, 0, '0000-00-00 00:00:00', 10, '', '2012-10-03 14:51:57', '0000-00-00 00:00:00', 19, 0, '2012-10-04 10:10:17', 1),
  (140, 9, 'blog', 0, 'publish', 0, '', 'তাই হয়তো না পাওয়ার যন্ত্রনায় বাঁচি', '<p>\r\n	তাই হয়তো না পাওয়ার যন্ত্রনায় বাঁচি<br />\r\n	<br />\r\n	উচাটন মনটা আমার, এদিক ওদিক চায়, আকুল করে জোয়ার ভাটা<br />\r\n	বিরহী বর্ষা কেঁদে কেঁদে যায় ফিরে যায় ।<br />\r\n	শরত মেঘে তোমার ছায়া, শঙ্খচিলের গায়! বিচ্ছিন্ন বাতাস ডাক দিয়ে কয়<br />\r\n	কোথায় সুজন প্রিয়া? পরেছ বেলা সন্ধ্যা মায়া; খুঁজব কোথায় আর,<br />\r\n	সময় যায় বয়ে হাওয়ার বেগের মত ভালবাসবার !সূবর্ণ রেখা যাচ্ছে এঁকে বেঁকে ।<br />\r\n	কোথায় সেই সূবর্ণ দুরন্তপনা চাওয়া? যতই আসুক ঝড় ঝঞ্ঝা, মহা প্রলয় বাঁধা<br />\r\n	রক্ত ঝরিয়ে জয় করতে মনের নাই মানা! কোথায় সুজন প্রিয়া ?<br />\r\n	<br />\r\n	কোথায় স্বপ্ন ! কোথায় বাতাস? আঁধার জাগে রাত্রির পাহারায়,<br />\r\n	শুনশান জোনাক আলো ফোটে ।<br />\r\n	কোথায় আমি ! কোথায় ভাবনা আমার? বিদিশা বিহ্বলতায় আমি প্রকৃতির,<br />\r\n	অসিম শূন্যতা ছুঁয়ে থাকি ।<br />\r\n	কোথায় স্বপ্ন! কোথায় বাতাস? কোথায় আমি! কোথায় ভাবনা আমার?<br />\r\n	শঙ্খচিল উড়ে ঐ নীলাকাশ ছুঁয়ে, আমার মন তার সাথে সাথে;<br />\r\n	শূন্যতার জানলায় দেয় উঁকি প্রতিক্ষণে বিরামহীন শ্রমে ভাবনা খুঁজে ফিরে ।<br />\r\n	<br />\r\n	কি সে খুঁজে? কিসের জন্য তার এত তন্দ্রা ভ্রম?<br />\r\n	বুঝি শুধু একটু! কি জানি পাই আমি তার কাছে;<br />\r\n	তাই হয়তো না পাওয়ার যন্ত্রনায় বাঁচি ।</p>\r\n', '140', 0, 0, 0, 0, '0000-00-00 00:00:00', 37, '', '2012-10-06 17:01:15', '0000-00-00 00:00:00', 23, 0, '2012-10-06 21:15:13', 1);

INSERT INTO `blog_categories` (`blog_category_id`, `category_name`) VALUES
  (7, 'সাধারন'), (8, 'গল্প'), (9, 'কবিতা'), (10, 'প্রবন্ধ'), (11, 'ছড়া'), (12, 'রাজনীতি'),
  (13, 'সমকালীন'), (14, 'খেলা ধুলা'), (15, 'শিল্প ও সংস্কৃতি'), (16, 'বিজ্ঞান ও প্রযুক্তি'), (17, 'বিবিধ');

INSERT INTO `blog_groups` (`blog_group_id`, `blog_group_type_id`, `blog_group`, `blog_group_permalink`, `blog_group_is_published`, `create_by`, `update_by`, `create_date`, `update_date`, `last_moderate_by`, `last_moderate_date`) VALUES
  (1, '2', 'Jalal', 'jalal', 1, 7, 0, '2012-09-03 14:12:17', '0000-00-00 00:00:00', 0, '0000-00-00 00:00:00'),
  (2, '2', 'Bondu', 'bondu', 1, 7, 0, '2012-09-12 10:34:52', '0000-00-00 00:00:00', 0, '0000-00-00 00:00:00'),
  (3, '2', 'sdsds', 'sdsds', 0, 7, 0, '2012-09-13 18:28:19', '0000-00-00 00:00:00', 0, '0000-00-00 00:00:00'),
  (5, '1', '435435', '5', 1, 1, 0, '2012-09-13 18:31:46', '0000-00-00 00:00:00', 1, '2012-09-13 18:32:28'),
  (6, '2', '435435', '435435', 0, 7, 0, '2012-09-13 18:32:09', '0000-00-00 00:00:00', 0, '0000-00-00 00:00:00'),
  (7, '2', 'gsdfgsdg', 'gsdfgsdg', 0, 7, 0, '2012-09-13 18:32:40', '0000-00-00 00:00:00', 0, '0000-00-00 00:00:00'),
  (8, '2', ' রাজনীতি', '-', 1, 7, 0, '2012-09-15 16:33:58', '0000-00-00 00:00:00', 0, '0000-00-00 00:00:00'),
  (9, '2', 'সদস্য উপস্থিতি', '-', 0, 7, 0, '2012-09-15 16:38:22', '0000-00-00 00:00:00', 0, '0000-00-00 00:00:00'),
  (10, '2', 'Don’t waste time assembling', 'dont-waste-time-assembling', 1, 7, 0, '2012-09-15 16:40:57', '0000-00-00 00:00:00', 0, '0000-00-00 00:00:00'),
  (11, '2', 'রাজনীতি 1', '11', 1, 7, 0, '2012-09-16 16:06:02', '0000-00-00 00:00:00', 1, '2012-09-16 16:38:03'),
  (12, '2', 'দলের খেলার মান,', '-', 1, 8, 0, '2012-09-16 16:26:42', '0000-00-00 00:00:00', 0, '0000-00-00 00:00:00'),
  (13, '2', 'দলের খেলার', '13', 1, 8, 0, '2012-09-16 16:37:30', '0000-00-00 00:00:00', 1, '2012-09-16 16:37:56'),
  (14, '2', 'রসুন বাটা', '14', 1, 8, 8, '2012-09-16 16:38:19', '2012-09-16 16:39:06', 1, '2012-09-16 16:39:25'),
  (15, '2', 'we make', 'we-make', 1, 8, 0, '2012-09-16 16:54:54', '0000-00-00 00:00:00', 0, '0000-00-00 00:00:00'),
  (16, '2', 'photography', 'photography', 0, 18, 0, '2012-09-19 05:34:38', '0000-00-00 00:00:00', 0, '0000-00-00 00:00:00'),
  (17, '2', 'photography', 'photography', 0, 18, 0, '2012-09-19 05:35:32', '0000-00-00 00:00:00', 0, '0000-00-00 00:00:00'),
  (18, '4', 'ডার্করুম', '18', 1, 1, 0, '2012-09-19 06:41:24', '0000-00-00 00:00:00', 1, '2012-09-19 06:41:29'),
  (19, '2', 'বাংলাদেশের তথ্য-প্রযুক্তি', '-', 0, 16, 0, '2012-09-20 19:01:33', '0000-00-00 00:00:00', 0, '0000-00-00 00:00:00'),
  (20, '2', 'বাংলাদেশের তথ্য-প্রযুক্তি', '-', 0, 16, 0, '2012-09-20 19:09:12', '0000-00-00 00:00:00', 0, '0000-00-00 00:00:00');

INSERT INTO `blog_group_posts` (`blog_group_post_id`, `blog_group_id`, `blog_group_post_permalink`, `title`, `description`, `page_number`, `blog_group_post_is_published`, `create_by`, `create_date`, `update_by`, `update_date`, `last_moderate_by`, `last_moderate_date`) VALUES
  (1, 12, 'fdhg-hghj', 'fdhg hghj', '<p>\r\n	hguyhguil 6tguy iuuyh</p>\r\n', 0, 0, 7, '2012-09-16 21:11:41', 0, '0000-00-00 00:00:00', 0, '0000-00-00 00:00:00');

INSERT INTO `blog_group_types` (`blog_group_type_id`, `group_type`, `created_by`, `update_by`, `create_date`, `update_date`) VALUES
  (4, 'ফটোগ্রাফী', 0, 0, '0000-00-00 00:00:00', '0000-00-00 00:00:00');

INSERT INTO `comments` (`comment_id`, `blog_id`, `status`, `comments`, `is_published`, `total_comments`, `create_date`, `update_date`, `create_by`, `update_by`) VALUES
  (9, 107, '', 'ধন্যবাদ নক্ষত্র ব্লগ। আমি আন্তরিকভাবে খুবই আনন্দিত এরকম একটি উদ্যেগ  গ্রহণ করার জন্য। আমি এই ব্লগে রেজিষ্ট্রেশন করায় আনন্দিত। আশা করবো, নক্ষত্র ব্লগ খুবই ভালো কিছু নিয়ে আসবে আমাদের জন্য।', 1, 3, '2012-09-18 13:31:57', '0000-00-00 00:00:00', 16, 0),
  (10, 107, '', 'নক্ষত্র ব্লগের উত্তরোত্তর সাফল্য কামনা করি।', 1, 1, '2012-09-18 14:08:45', '0000-00-00 00:00:00', 18, 0),
  (11, 111, '', 'দেশে অঘোষিত রাজ তন্ত্র চলতেচে', 1, 1, '2012-09-19 04:33:02', '0000-00-00 00:00:00', 18, 0),
  (12, 111, '', 'ভাই রাজতন্ত্র ও এর চেয়ে অনেক ভাল..................:(', 1, 1, '2012-09-19 04:55:00', '0000-00-00 00:00:00', 21, 0),
  (13, 111, '', 'ভাই এইসব কথা কইয়েনা। তাইলে কিন্তু জামাতী টেগ লাগাইয়া দিবে। সব সময় বলবেন। জয়বাংলা', 1, 1, '2012-09-19 05:04:18', '0000-00-00 00:00:00', 18, 0),
  (14, 111, '', 'BTV ekti comedy TV channel. Regular BTV dhekle apni nirmol hasimakha jibon and dhirghaiou paben. And konodin heart er problem hobe na. ', 1, 1, '2012-09-19 05:09:27', '2012-09-21 07:13:37', 17, 1),
  (15, 113, 'admin-trash', 'আগুন আগুন। পানি কই', 1, 1, '2012-09-20 01:12:21', '0000-00-00 00:00:00', 26, 0),
  (16, 114, '', '\r\n\r\nমানুষ বদলায় সমযৈর সাথে সাথে।\r\nযখন লিখেছিলাম চিঠিটা কিআবেগই না ছিল', 1, 1, '2012-09-20 02:45:25', '0000-00-00 00:00:00', 27, 0),
  (17, 114, '', 'নক্ষত্র ব্লগে স্বাগতম।', 1, 1, '2012-09-20 02:45:52', '0000-00-00 00:00:00', 26, 0),
  (18, 115, '', 'এত টাকা পয়সা খরচ করে পদ্মাসেতু করার কি কোন দ্রকার আছে? এই রকম শ''খানেক এনার্জি সেভিং ফেরি নামিয়ে দিলেইতো হয়ে যায়.................. ', 1, 1, '2012-09-20 14:44:00', '0000-00-00 00:00:00', 21, 0),
  (21, 109, '', 'Javascript is really an awesome  stuff for web developer. Thanks shaharia vhai', 1, 1, '2012-09-21 10:40:10', '0000-00-00 00:00:00', 35, 0),
  (22, 109, 'admin-trash', 'I want to learn it soon. Can you help me?', 1, 0, '2012-09-21 10:42:12', '0000-00-00 00:00:00', 35, 0),
  (23, 114, '', 'Atto boro chiti porar doirjo ba somoy konotai nai akkon manuser. r abeg namok sobdo ta to dictionary er pata theke muche gache.', 1, 0, '2012-09-22 00:54:39', '0000-00-00 00:00:00', 20, 0),
  (24, 108, '', 'I like this line মানব কুল আজ বড় দিশেহারা\r\nAlso it is true', 1, 0, '2012-09-22 04:11:06', '0000-00-00 00:00:00', 37, 0),
  (25, 115, '', 'এটা যথার্থ বলেছেন আমির ভাই। দেশের যা অবস্থা। এনার্জি সেভিং করা ছাড়া কোন উপায় নাই।', 1, 0, '2012-09-22 11:38:06', '0000-00-00 00:00:00', 26, 0),
  (26, 112, '', 'রাজনীতি মানে রাজার নীতি।', 1, 0, '2012-09-22 11:48:30', '0000-00-00 00:00:00', 26, 0),
  (28, 118, '', 'শুভকামনা মান্নান ভাই', 1, 0, '2012-09-24 01:29:34', '0000-00-00 00:00:00', 18, 0),
  (29, 118, '', 'Have nice day!! thanks pasa vai,,,,,,,,,,,,,', 1, 0, '2012-09-24 02:11:38', '0000-00-00 00:00:00', 23, 0),
  (30, 108, '', 'Bha dharun kobi,,,,,,,,,,,,,,,,,', 1, 0, '2012-09-24 02:13:28', '0000-00-00 00:00:00', 23, 0),
  (31, 124, '', 'একদিন আমি ছিলাম তোমার অভিমানি যন্ত্রণার আকর;\r\nপথ চেয়ে খুঁজতে আমায়, সময়ের পাহাড় ঠেলে।\r\n\r\nআপনার কবিতা গুলি ইদানিং দারুন হয়ে উঠতেছে। শুভকামনা মান্নান ভাই', 1, 0, '2012-09-28 01:54:35', '0000-00-00 00:00:00', 18, 0),
  (32, 126, '', '\r\nনতুন কবিতা নাকি। কবিতার ধরন চেন্জ মনে হচ্ছে\r\n', 1, 0, '2012-09-28 02:25:46', '0000-00-00 00:00:00', 18, 0),
  (33, 126, '', ' হ্যা, নতুনই লেখা এবং আজকেরই! :) ', 1, 0, '2012-09-28 02:30:37', '0000-00-00 00:00:00', 50, 0),
  (34, 126, '', 'হ্যা, নতুনই লেখা এবং আজকেরই! :)', 1, 0, '2012-09-28 02:31:14', '0000-00-00 00:00:00', 50, 0),
  (35, 126, '', 'ইদানিঙ তাইলে নতুন কবিতা আসতেছে। আমি তো লিখতে পারতেছিনা', 1, 0, '2012-09-28 02:31:37', '0000-00-00 00:00:00', 18, 0),
  (36, 126, '', ' হ্যা, বেশ কিছুদিনে বেশ কিছু লিখা লিখেছিলাম।\r\nএর মধ্যে অন্তত ২০/২৫টা লেখা হারিয়ে গেছে।\r\nল্যাপ্টপে ফাইল ছিল এবং ভুলে ডিলিট মেরে দিয়েছিলাম। :O ', 1, 0, '2012-09-28 02:34:38', '0000-00-00 00:00:00', 50, 0),
  (37, 126, '', 'ভালো লাগলো। গভীর কিছু কথা আছে। ', 1, 0, '2012-09-28 13:08:29', '0000-00-00 00:00:00', 22, 0),
  (38, 108, '', 'হে হে হে হে হে........আপনি এত ভাল কবিতা লিখেন জানা আছিল না!!!!!!!!!!!!!!!!!!!!!!!!!!!!!! পইড়া ভাল আরাম পাইছি। শুভেচ্ছা পাশা ভাই।', 1, 0, '2012-10-01 02:46:36', '0000-00-00 00:00:00', 63, 0),
  (39, 131, '', 'kub sundor,,,,,,,,,,,,pash vai,,,,,,,,,, dharun!!!!!!!!!!', 1, 0, '2012-10-01 13:11:27', '0000-00-00 00:00:00', 23, 0),
  (40, 132, '', 'bha dhdru,,,,,,,,,,,,,,,,,\r\nsoikot vai kotha rakchon,,,,,,,,,,,,,,,,,,,,,,,,,,,,,,,,,good day,,,,,,,,,,,,', 1, 0, '2012-10-01 13:13:57', '0000-00-00 00:00:00', 23, 0),
  (41, 132, '', 'গল্পটা পড়েছি। স্মৃতি কাতরতার ইতিহাস', 1, 0, '2012-10-01 13:26:53', '0000-00-00 00:00:00', 18, 0),
  (42, 114, '', 'bha dharun sokal dha,,,,,,,,,,,,,,', 1, 0, '2012-10-01 14:51:50', '0000-00-00 00:00:00', 23, 0),
  (43, 134, '', 'sondor,,,,,,,,,,, sokal dha,,,,,,,,,,,,,,,,,,,,,,,,', 1, 0, '2012-10-02 11:36:43', '0000-00-00 00:00:00', 23, 0),
  (44, 138, '', 'এটা আমাদের দেশের কমন চিত্র। Think Positive - বেতন / ভাতা''র সাথে দ্রব্য মূল্য সঙ্গতিপূর্ণ নয়; দুরনিতি না করলে খাইব কি। ', 1, 0, '2012-10-03 20:21:14', '0000-00-00 00:00:00', 17, 0),
  (45, 115, '', 'চরম জিনিস!!!!!!!!', 1, 0, '2012-10-10 15:12:08', '0000-00-00 00:00:00', 66, 0);

INSERT INTO `comments_notice` (`comment_notice_id`, `notice_id`, `comments`, `is_published`, `status`, `total_comments`, `create_date`, `update_date`, `create_by`, `update_by`) VALUES
  (1, 1, 'That''s great!!!', 0, 0, 0, '2012-09-23 09:29:54', '0000-00-00 00:00:00', 36, 1),
  (2, 1, 'Emon ekta blog peye ami proud feel korteci', 1, 0, 0, '2012-09-24 11:12:02', '0000-00-00 00:00:00', 16, 0);

INSERT INTO `discussions` (`discussion_id`, `status`, `title`, `description`, `is_open`, `is_published`, `valid_day`, `create_by`, `update_by`, `create_date`, `update_date`) VALUES
  (6, 'admin-trash', 'wqerewr', '<p>\r\n	drfsdrtwet</p>\r\n', 0, 1, 2, 7, 1, '2012-09-12 10:39:37', '0000-00-00 00:00:00'),
  (8, 'draft', 'gfg', '<p>\r\n	jhgju .ugtuygui iouhi iou iouo</p>\r\n', 0, 1, 4, 7, 1, '2012-09-14 20:02:34', '0000-00-00 00:00:00'),
  (11, 'publish', 'Bangladeshi IT', '<p>\r\n	Bangladeshi IT development</p>\r\n', 0, 0, 20, 16, 1, '2012-09-20 11:34:07', '0000-00-00 00:00:00'),
  (12, 'publish', 'উন্নয়নের বড় বাঁধা', '<p>\r\n	বিশেষ করে বাংলাদেশে এর ব্যাপকতা ও ভয়াবহতা খুবই উদ্বেকজনক।</p>\r\n<p>\r\n	<strong>Yes খুবই উদ্বেকজনক.....</strong></p>\r\n', 0, 0, 1, 37, 1, '2012-09-22 04:24:46', '2012-09-22 04:32:45'),
  (13, 'publish', 'Technology in Bangladesh', '<p>\r\n	Upcoming!!</p>\r\n', 0, 0, 5, 16, 1, '2012-09-22 08:11:27', '0000-00-00 00:00:00'),
  (14, 'publish', 'পদ্মা সেতু ইস্যু', '<p>\r\n	আমরা বরাবরই দেখেছি পদ্মা সেতু ইস্যুতে বিশ্ব ব্যংকের সাথে বর্তমান সরকারের কথা বেশ অমিল। তবুও সরকারের পক্ষ থেকে বিব্রতকর বিবৃতি বন্ধ হচ্ছেনা। বর্তমান সরকারের ভুমিকা কেমন হওয়া উচিত ছিল।</p>\r\n', 0, 0, 2, 18, 1, '2012-09-27 10:16:14', '0000-00-00 00:00:00'),
  (15, 'publish', 'Demo DIscussion', '<p>\r\n	This discussion is for test.</p>\r\n<p>\r\n	line one.</p>\r\n<p>\r\n	line two.</p>\r\n<p>\r\n	line three.</p>\r\n re test', 0, 0, 2, 35, 1, '2012-10-06 17:19:45', '2012-10-08 18:19:51');

INSERT INTO `discussion_comments` (`discussion_comment_id`, `discussion_id`, `comment`, `is_published`, `status`, `create_by`, `update_by`, `create_date`, `update_date`) VALUES
  (1, 1, 'তুমি আসবেই', 0, 0, 7, 0, '2012-09-15 16:17:56', '0000-00-00 00:00:00'),
  (2, 7, 'Welcome', 0, 0, 8, 1, '2012-09-16 17:25:28', '2012-09-16 20:09:19'),
  (3, 10, 'uyg ruui urweew', 1, 0, 7, 1, '2012-09-16 20:06:23', '2012-09-16 20:09:13'),
  (4, 10, 'fygt tyurt r', 1, 0, 7, 1, '2012-09-16 20:08:32', '2012-09-16 20:08:53'),
  (5, 10, 'hgfyuyuhgv', 1, 0, 7, 1, '2012-09-16 21:13:09', '2012-09-16 21:13:47'),
  (6, 10, 'weercrtv rtr', 0, 0, 8, 0, '2012-09-17 17:41:53', '0000-00-00 00:00:00'),
  (7, 11, 'The development growth of Bangladeshi IT sector is really vulnerable.', 1, 0, 16, 1, '2012-09-20 11:36:54', '2012-09-20 11:37:29'),
  (8, 12, 'Big problem', 1, 0, 37, 1, '2012-09-22 04:30:24', '2012-09-22 04:31:15'),
  (9, 11, 'test d5sc4ss56n', 0, 0, 35, 0, '2012-09-23 00:10:27', '0000-00-00 00:00:00'),
  (10, 15, 'this is a test comment', 1, 0, 36, 0, '2012-10-06 17:23:36', '0000-00-00 00:00:00'),
  (11, 15, 'I''ve commnet on my own post', 1, 0, 35, 0, '2012-10-06 17:26:29', '0000-00-00 00:00:00');

INSERT INTO `episode_comments` (`episode_comment_id`, `blog_id`, `status`, `trash`, `post_type`, `episode_number`, `comment`, `create_date`, `update_date`, `create_by`, `update_by`) VALUES
  (1, 135, 'publish', 0, 'episode', '', 'test', '2012-10-05 18:26:49', '0000-00-00 00:00:00', 35, 0);

INSERT INTO `episode_name` (`episode_id`, `episode_name`, `create_by`) VALUES
  (1, 'status name', 7), (2, 'Learn Symfony', 7), (3, 'Your friends have searched ', 7), (4, 'aaaazzzzzzzzzzzz', 7),
  (5, 'আঙ্গুলের উপর আশ্চর্যজনক শারীরিক চিত্র ', 7), (6, 'মেঘেদের নাকফুল ।', 7), (7, 'sdafsf fdgfd', 7),
  (8, 'এটি কাবাব মসলা', 8), (9, 'Demo Episode', 35), (10, 'Demo Episode2', 35);

INSERT INTO `notices` (`notice_id`, `title`, `description`, `create_date`, `create_by`, `update_date`, `update_by`, `is_valid`, `make_active`, `status`) VALUES
  (1, 'নক্ষত্রব্লগ এর development version ১.৭ প্রকাশিত হয়েছে। নক্ষত্র -এ ব্লগিং করুন।', '<p>\r\n	নক্ষত্র ব্লগ বেটা ১.৭ প্রকাশিত হয়েছে। ব্লগের কারিগরি উন্নয়ন চলছে।&nbsp; ব্লগারদের নতুন ধারার ব্লগিং এর অভিজ্ঞতা দিতে নক্ষত্রব্লগ কাজ করে যাচ্ছে। এখন আপনি আপনার প্রোফাইলকে আপনার নিজের মত করে সাজাতে পারবেন। ব্লগিং এ&nbsp; আনা হচ্ছে আধুনিকতা। মনে রাখবেন মুল ধারার ব্লগে পরিনত হওয়ার জন্য প্রয়োজনীয় সবই নক্ষত্রব্লগ করবে। আমাদের সাথেই থাকুন। লিখুন মতামত দিন। দেশের উন্নয়নে আপনার মুল্যবান ভুমিকা তুলে ধরুন।</p>\r\n', '2012-09-16 18:25:05', 1, '2012-09-27 21:38:56', 1, 1, 1, 0);

INSERT INTO `novel_name` (`novel_name_id`, `novel_name`, `novel_name_permalink`, `novel_name_is_published`, `create_by`, `create_date`, `update_by`, `update_date`, `last_modarate_by`, `last_modarate_date`) VALUES
  (1, 'Habib A Islam bb', '1', 1, 7, '2012-09-03 14:11:47', 0, '0000-00-00 00:00:00', 0, '0000-00-00 00:00:00'),
  (2, 'আত্মপরিচয়ের সন্ধানে', '2', 1, 7, '2012-09-10 16:20:02', 0, '0000-00-00 00:00:00', 1, '2012-09-10 16:20:29'),
  (3, 'জলিল তুনে জলিল কিয়া ভাই ', '3', 1, 7, '2012-09-15 14:47:03', 0, '0000-00-00 00:00:00', 1, '2012-09-18 04:47:56'),
  (4, 'anondomoyee', '', 0, 18, '2012-09-27 10:09:22', 0, '0000-00-00 00:00:00', 0, '0000-00-00 00:00:00'),
  (5, 'test novel', '', 0, 36, '2012-10-10 09:57:08', 0, '0000-00-00 00:00:00', 0, '0000-00-00 00:00:00');

INSERT INTO `roles` (`role_id`, `role`, `create_by`, `update_by`, `create_date`, `update_date`) VALUES
  (1, 'Admin', 0, 0, '0000-00-00 00:00:00', '0000-00-00 00:00:00'),
  (2, 'user', 0, 0, '0000-00-00 00:00:00', '0000-00-00 00:00:00');

INSERT INTO `status` (`status_id`, `status`) VALUES
  (1, 'publish'), (2, 'draft'), (3, 'pending'), (4, 'trash'), (5, 'bounce'), (6, 'admin-trash');

INSERT INTO `sub_category` (`subcategory_id`, `blog_category_id`, `subcategory_name`) VALUES
  (21, 7, 'Test');

INSERT INTO `system_status` (`system_status_id`, `status`, `create_by`, `create_date`) VALUES
  (1, 'Abul Amader', 0, '2012-09-01 16:52:21'),
  (2, 'asdfghjkl', 0, '2012-09-01 17:17:05'),
  (3, 'MAma mama', 0, '2012-09-01 17:18:41'),
  (4, 'Habiba', 1, '2012-09-01 17:54:33'),
  (5, 'Good', 1, '2012-09-05 12:52:50'),
  (6, 'Done\r\n', 1, '2012-09-06 10:46:33'),
  (7, 'dfsaf', 1, '2012-09-06 12:41:02'),
  (8, 'Welcome......................\r\n.....................\r\nnnnn', 1, '2012-09-06 12:41:23'),
  (9, '', 1, '2012-09-06 13:45:21'),
  (10, 'sdfsdf', 1, '2012-09-06 13:45:58');

INSERT INTO `users` (`user_id`, `role_id`, `auth_token`, `user_status`, `name`, `sex`, `username`, `display_name`, `district`, `country`, `educational_background`, `profession`, `marital_status`, `hobby`, `date_of_birth`, `bio`, `profile_picture`, `avater`, `user_panel_banner`, `tagline`, `password`, `email_address`, `phone`, `facebook_link`, `twitter_link`, `gtalk_link`, `linkedin_link`, `activation_code`, `last_login`, `create_date`, `update_date`) VALUES
  (16, 0, 'f70670917fc24e444a511bba50e0c130d4be41e9', 'active', 'শাহারীয়া আযম', 'পুরুষ', 'shaharia', 'শাহারীয়া', 'সাতক্ষীরা', 'বাংলাদেশ', '', 'ব্যবসা', '', 'প্রোগ্রািমং, ওয়েব ডেভেলপমেন্ট, সার্চ ইঞ্জিন অপটিমাইজেশন', '0000-00-00', '', 'uploads/user_profile_images/74288e8975be03e355472a88c67c3fde.png', '', '', 'তথ্য-প্রযুক্তি চিন্তাবিদ', '6a290823174a885a6d0e244f5279da6bbcca7ee9', 'shaharia.azam@gmail.com', 0, 'http://www.facebook.com/shaharia.azam', 'http://www.twitter.com/shaharia', 'shaharia.azam', 'shaharia.azam', '1219410ac70588049f8b3dd9405a58df0a1a948e', '2012-10-07 18:54:47', '2012-09-18 13:04:53', '2012-10-08 03:46:38'),
  (17, 0, 'd6fd40bd443e563abef1db1003cc55f29214c3b9', 'active', 'নক্ষত্র ব্লগ', '', 'নক্ষত্র', 'নক্ষত্র', '', '', '', '', '', '', '0000-00-00', '', 'Array', '', '', '', '7009dc94559693232d7ba7976852616635c6d7b5', 'nokkhotroage@gmail.com', 0, '', '', '', '', '660e81c25137be307656f1f44c453f5c8d17bd8d', '2012-10-03 20:17:47', '2012-09-18 13:20:51', '2012-10-03 14:17:23'),
  (18, 0, '835f3f3cc7a3a9468461afbb4369cab9fbf5c30b', 'active', 'পাশা', 'পুরুষ', 'pasha', 'পাশা', '', '', '', 'চাকুরী জীবি', '', '', '0000-00-00', '', 'uploads/user_profile_images/154703_1717160337370_2422134_n.jpg', '', '', 'যদি ভালবেসে ভুল করে থাকি। তবে এ আমার ভ্রান্তি', 'c68c382716f0ce0aae1f6a83aab8ce263bbc2912', 'pasha0191@yahoo.com', 0, '', '', '', '', '780ed9cc1a3bf67b0f744b39567ceb01c32cf1b6', '2012-10-09 20:44:42', '2012-09-18 13:37:17', '2012-10-09 14:44:18'),
  (19, 0, 'ee1d04ba01384215407a5ff9aac1553f278e4a7c', 'active', 'অরিজিনাল বস', 'পুরুষ', 'Original Boss', 'অরিজিনাল বস', 'বরগুনা', 'বাংলাদেশ', '', 'ব্যবসা', '', 'বিদেশ ভ্রমন', '1986-04-15', '১৯৮৬ ইং হইতে এখন ও জীবিত।\r\n  \r\n', 'uploads/user_profile_images/384323_456485364374865_783908717_n.jpg', '', '', '', '94dad71e8693fed62b9373ba31d6abbb96f95b9c', 'hkabir.aspt@gmail.com', 0, 'https://www.facebook.com/homaun.kabir.Neel', '', '', '', 'c588cf61cd5a3de217bee1e05b26c0e39f263c6e', '2012-10-03 14:22:18', '2012-09-18 22:26:12', '2012-10-03 08:21:54'),
  (20, 0, '4d09ae129925dd35eadcb04674aa2e332368ecc0', 'active', 'Farhana Sufi', '', 'Nilima', '', '', '', '', '', '', '', '0000-00-00', '', '', '', '', '', '7852a80f16458708afe970d2b3128cea3c6de5bd', 'fmsufi@gmail.com', 0, '', '', '', '', '4165d5ff9688f5f35061ef9c95d719e35be787db', '2012-10-07 08:55:37', '2012-09-19 01:04:14', '2012-10-07 02:55:13'),
  (21, 0, '25472131d8a7115cf6201677416041fe675cbc36', 'active', 'Amir Hossen', '', 'আমির হোসেন', 'আমির হোসেন', '', '', '', '', '', '', '0000-00-00', 'ভ্রান্তি আমায় নিয়ে যায় যদি\r\nবৈতরনীর পাড়,\r\nভবিষ্যতহীন আধার ক্লান্তি\r\nকাকে দিব উপহার?', 'uploads/user_profile_images/Nib.png', '', '', '', '1a0f3dd6ec11f380304aeb86f011ed397d7e35f7', 'amirhossen94@yahoo.com', 0, '', '', '', '', '529c930584f06852ea282da05cbaf07d597f0055', '2012-09-20 14:45:44', '2012-09-19 02:41:20', '2012-09-20 19:45:20'),
  (22, 0, '6a705c5ba97e569385e4a3423295cb4ab1705058', 'active', 'আল ইমরান', 'পুরুষ', 'ehasan48', 'আলইমরান', 'ঢাকা', 'বাংলাদেশ', '', 'আইটি -পরামর্শদাতা', '', 'ভ্রমন, বই পড়া, ব্লগিং করা, সিনেমা দেখা।', '1986-03-30', 'আমি খুব সাধারন একটা ছেলে। বন্ধুরা স্বপ্নবাজ বলে ডাকে। আমি প্রচণ্ড আড্ডাবাজ এবং স্বাধীনতা খুব বেশী পছন্দ করি। মুসলমান হিসেবে গর্ববোধ করি। বাংলাদেশ এর নাগরিক এবং মুক্তিযোদ্ধার সন্তান হিসেবে অহংকার বোধ করি। ভালোবাসি "মা" কে, ভালবাসি দেশ কে। আমার ফোন নম্বরঃ 01911115315, 01670287630 email: e_hasan48@yahoo.com, e.hasan48@gmail.com রক্তের গ্রুপ A+', 'Array', '', '', '', '8c6e5d2a3b975c2f177bf59187c12b5e468bafd1', 'e.hasan48@gmail.com', 1911115315, 'http://www.facebook.com/princeemu', '', 'e.hasan48', '', '5e6af070822390fe51887d0fe1b56ae61fe72793', '2012-09-28 12:57:25', '2012-09-19 02:49:35', '2012-09-28 17:57:01'),
  (23, 0, '5bb4bd77c5a01237cc62ccacd51ebf4142d5c19c', 'active', 'md.abdul mannan', 'পুরুষ', 'charumannan', 'চারু মান্নান', '', '', '', 'শিক্ষক', '', '', '0000-00-00', '===ব্লগার-চারু মান্নান! কবিতার মায়া জালে, আকণ্ঠ নিমজ্জিত! \r\n\r\nমোঃ আব্দুল মান্নান \r\n# ২৯/ডি,পূর্ব রাজাবাজার[চতুর্থতলা],তেঁজগাও,ঢাকা-১২১৫! \r\n++৮৮০২-০১৫৫২৩৫৫০৫৫ \r\nmannan-200125@hotmail.com \r\nজন্মঃ ১৫ ডিসেম্ববর! রক্তের গ্রুপ B+', 'uploads/user_profile_images/CM-2.jpg', '', '', '', '54a47e18f0037ca48f3685fe06205a0c6bbd86a5', 'mannan-200125@hotmail.com', 0, '', '', '', '', '145c2822dabbdac7467772debf5f79f3d898856e', '2012-10-11 10:16:18', '2012-09-19 05:20:24', '2012-10-11 04:15:54'),
  (24, 0, 'b5640bdc069f0bbaf0895017c45d188263536300', 'active', 'Deshi Poka', '', 'bdpoka', '', '', '', '', '', '', '', '0000-00-00', '', '', '', '', '', '6a290823174a885a6d0e244f5279da6bbcca7ee9', 'shaharia@outlook.com', 0, '', '', '', '', '7de6c8aa6d01f336775d3546b269c57e85a55980', NULL, '2012-09-19 21:55:16', '2012-09-20 06:02:10'),
  (26, 0, 'd00c103d423536e025a6bba95c4cb55b0a98f337', 'active', 'লুতফুর', '', 'lutfur', 'লুতফুর', '', '', '', '', '', '', '0000-00-00', '', 'Array', '', '', '', '59e5b8336fd074c949b152729b80c5aeee1c3f13', 'lutfur011@yahoo.com', 0, '', '', '', '', '7ad8d45e214a605648e48eba93fec22c1018aded', '2012-09-22 11:26:00', '2012-09-20 01:05:21', '2012-09-22 16:25:36'),
  (27, 0, 'e2cd65ad5617d15f2024e71eaabbc02debdfa451', 'active', 'সকাল রয়', 'পুরুষ', 'sokal roy', 'সকাল রয়', '', '', '', '', '', '', '0000-00-00', '\r\nরয়'' ইস .....রয়''', 'Array', '', '', 'সকাল রয়ের রচনা সমগ্র', 'f2f61db7b497c9e795b1d1a593469213be53a965', 'sokal.roy@gmail.com', 1921238475, '', '', '', '', '30108e44d27f8533314fe0dafb47daa60523bd50', '2012-10-01 20:02:04', '2012-09-20 02:22:49', '2012-10-01 14:01:40'),
  (28, 0, '3d8755fb0b126f96c1eaf828b6e1dd4bb16de366', 'active', 'Md. Didarul Islam', '', 'Didar', '', '', '', '', '', '', '', '0000-00-00', '', '', '', '', '', '930eb781a82e4be4b227e4edaf3faa520954516f', 'dislam89@gmail.com', 0, '', '', '', '', 'eba580b5ca2e49f177a6a987839045e05987029f', NULL, '2012-09-20 05:09:45', '2012-09-20 12:52:38'),
  (35, 0, 'a0ba72656ef606c53a46d74a3eec903adea574ff', 'active', 'Mustafa', 'পুরুষ', 'mustafa', 'মোস্তফা', 'Dhaka', '', '', 'চাকুরী জীবি', '', '', '0000-00-00', '', 'Array', '', '', '', '600784f2f6d27443bfafaf8e6566b94954b67577', 'tamal_29@yahoo.com', 0, '', '', '', '', '1e052541138a7ac0b166d2e1d720ba6eba044165', '2012-10-10 10:44:58', '2012-09-21 04:56:42', '2012-10-10 04:44:34'),
  (36, 0, '10c03a2e63f79a1c0dbd7ce2b2c7058cbc150c72', 'active', 'sayeed hussain', '', 'sayeed', '', '', '', '', '', '', '', '0000-00-00', '', '', '', '', '', 'f2f61db7b497c9e795b1d1a593469213be53a965', 'sayeed.som@gmail.com', 0, '', '', '', '', 'ba824f03a248481cdb5572546d8e866d2c495540', '2012-10-10 09:55:12', '2012-09-21 07:54:59', '2012-10-10 03:54:48'),
  (37, 0, '5d9ce3d699931ec15e4a9d79e13ae2eee60fafc0', 'active', 'Mohammad Zafar Iqbal  (babu)', 'পুরুষ', 'babu', 'Babu vai', 'Dhaka', 'Bangladesh', '', 'আইটি -পরামর্শদাতা', '', 'Programing', '1757-03-02', 'Good boy-IT', 'uploads/user_profile_images/11816182-icon-male-and-female-sign-vector-heart-symbol-valentine-day-illustration.jpg', '', '', '', 'f2f61db7b497c9e795b1d1a593469213be53a965', 'zafarmba10104014@gmail.com', 2147483647, 'http://www.facebook.com/zafarmba1010', '', '', '', '07acb4cae7d946c487ecf4c3320cbc6c1beb21f2', '2012-10-09 21:05:21', '2012-09-21 10:47:08', '2012-10-09 15:04:57'),
  (38, 0, '36edc2dcc4a52c8dbe8f893b5abfd2200a320ee3', 'active', 'নীলসাধু', '', 'Neelsadhoo', '', '', '', '', '', '', '', '0000-00-00', '', '', '', '', '', '0624712624a35c4203be53c882d1bc8f8cd82807', 'neeluttara@gmail.com', 0, '', '', '', '', 'f0649098ee02eb93213f7483d40137e2beb008c9', '2012-10-01 14:15:45', '2012-09-22 06:22:16', '2012-10-01 08:15:21'),
  (39, 0, 'e89987489c3cfde162c34a1aa6e39e45cf264b03', 'active', 'name', '', 'nil', '', '', '', '', '', '', '', '0000-00-00', '', '', '', '', '', '61a6bd1f373e4c4b9c528806cce1c9c35cbb2ca2', 'vomor4002@gmail.com', 0, '', '', '', '', '351fdf81750d214fbc2f6fd630831d41d90a19d8', NULL, '2012-09-22 08:17:11', '2012-09-22 16:28:10'),
  (40, 0, '5840f0857d66ad07223155327f9776e144bacc07', 'active', 'mir mamun', '', 'mirmamun', '', '', '', '', '', '', '', '0000-00-00', '', '', '', '', '', '0e069186a8ad8976f022e2fb61960546debe599a', 'mamunmir@yahoo.com', 0, '', '', '', '', 'e84c657d7335871269826702e29a1b73673865cf', NULL, '2012-09-22 12:14:04', '2012-09-23 08:19:18'),
  (41, 0, '9d5f02f0c15e43ea3c2634923c2090749efe04cb', 'active', 'name', '', 'hasanusjaman', '', '', '', '', '', '', '', '0000-00-00', '', '', '', '', '', '33200f4412136f52eae07320cdbaf55116469202', 'hasanrubel2011@gmail.com', 0, '', '', '', '', '9e90db6af19067ba2a782c62f4f320ed7d7b7b8c', NULL, '2012-09-23 00:01:53', '2012-09-23 08:19:48'),
  (42, 0, 'af3ba9428e042ec9bf6d1c089c832ae3fff14602', 'active', 'name', '', 'sofedkuhelee', '', '', '', '', '', '', '', '0000-00-00', '', '', '', '', '', '4efd9eac8acaa723a8823a09bf6b0b66c37bf3a5', 'sofedkuhelee.bd@gmail.com', 0, '', '', '', '', '691e87532346e46bc0cb651883e920bc0998352b', NULL, '2012-09-23 15:16:37', '2012-09-24 05:49:39'),
  (43, 0, 'ad1d19337acb3c2fc26af0a99eb97b99a271e1e6', 'active', 'জেড এইচ সৈকত', 'পুরুষ', 'zhsoykot', 'zhsoykot', 'ব্রাহ্মণবাড়িয়া', 'বাংলাদেশ', '', 'চাকুরী জীবি', '', 'ভ্রমণ করা।', '1984-01-01', '', 'Array', '', '', '', 'afb5b12c696aa75c1a07d0821776fe52951d6c82', 'soykot2009@gmail.com', 1911919690, 'http://www.facebook.com/zhsoykot', '', '', '', '76fcdbd663bfe0c96336c1c21cb899a101eb4508', '2012-10-01 12:08:33', '2012-09-24 01:22:48', '2012-10-01 17:35:50'),
  (44, 0, 'b9c83fdeba3fa9843716153a0ec2b713c1282dc8', 'active', 'name', '', 'zamanekushay', '', '', '', '', '', '', '', '0000-00-00', '', '', '', '', '', 'e1fda671d5ecb43a73feadc5fbebe924345fbfaf', 'kbhuiyan.it@gmail.com', 0, '', '', '', '', 'cbf8fcd198e4f34c222e8aafa138350e184327d9', '2012-09-24 05:29:26', '2012-09-24 03:26:58', '2012-09-24 10:29:02'),
  (45, 0, '36f357cf86fe30ba4e893cd5b6ac9381ed78d743', 'active', 'name', '', 'pabits', '', '', '', '', '', '', '', '0000-00-00', '', '', '', '', '', 'adf2c87ad7310fd775153ba6b73dab1ec89c5522', 'pabits@gmail.com', 0, '', '', '', '', '5f576bd677a4bd180818108c1f7d0966ad9fe324', '2012-09-24 03:40:29', '2012-09-24 03:34:11', '2012-09-24 08:40:05'),
  (46, 0, '12e6a3be4aaf275bcd78818fa431fcb826839dcd', 'active', 'simanto', '', 'simanto', '', '', '', '', '', '', '', '0000-00-00', '', '', '', '', '', '7b7efddfbf4fcf77f3ad7fd2332933ba2d0ea24c', 'amarsimanto@gmail.com', 0, '', '', '', '', '02716f0af566f15cd1368b6ba0481b4b6f93b2cc', NULL, '2012-09-24 03:48:14', '2012-09-24 09:08:32'),
  (47, 0, '8c98a623381626b4bf29699cdda91a20815720a4', 'active', 'name', '', 'alamgir', '', '', '', '', '', '', '', '0000-00-00', '', '', '', '', '', '554d0e80fd4f06737bb255d6d34b1a4ec13facb1', 'muktamt@yahoo.com', 0, '', '', '', '', '3fb4e50f356c809a5695cc70d8cc8279e8fbaa26', '2012-09-24 13:19:19', '2012-09-24 04:07:05', '2012-09-24 18:18:55'),
  (48, 0, 'f6dec0e02bc360478297aa68560f160555d8c8e4', 'active', 'সঞ্চালক', '', 'madu', 'সঞ্চালক', '', '', '', '', '', '', '0000-00-00', '', 'Array', '', '', '', '801ea50d9be596c1e8543eef50ed008f4acf8a4d', 'modopasha@gmail.com', 0, '', '', '', '', 'ed179e67789ce8c1a0266aba51db7d37a763ec5b', '2012-09-24 05:27:24', '2012-09-24 05:26:26', '2012-09-24 10:28:17'),
  (49, 0, 'b4b9bb27448ef231adcdf80afc2dd7c327dc4164', 'active', 'ফেনা', '', 'Akhayesh', '', '', '', '', '', '', '', '0000-00-00', '', '', '', '', '', 'c0cee52646776876d9dd4bc8ca81ef63ffc4e7c7', 'akhayesh@gmail.com', 0, '', '', '', '', 'd1dbb946aa39d86a2253b0a31751e990c12b6baa', '2012-09-24 06:35:22', '2012-09-24 06:12:52', '2012-09-24 11:34:58'),
  (50, 0, '40a144fb1796d56e0d74f635dbd120a8aa6aaf19', 'active', 'কবির য়াহমদ', 'পুরুষ', 'kabiraahmed', 'কবির য়াহমদ', '', 'বাংলাদেশ', '', 'চাকুরী জীবি', '', 'নাই', '0000-00-00', '', 'Array', '', '', '', '8a117e5b41b54d9930235735499fffffdb0d1c46', 'kbr007@gmail.com', 1925881228, 'https://www.facebook.com/kabiraahmed', '', '', '', 'f19034ca59c288db600e3d6fad0005d4a55c72d0', '2012-09-28 02:04:22', '2012-09-28 02:02:58', '2012-09-28 07:17:55'),
  (51, 0, '7179c2008e51af893acb2ab837bc2051573973b6', 'active', 'name', '', 'tahmid1971', '', '', '', '', '', '', '', '0000-00-00', '', '', '', '', '', 'ccc30e1fbcb072835eb1f08b7f44fbc9e565e6d7', 'sohel_shahed@yahoo.com', 0, '', '', '', '', 'cebca3a2b404b39d8587b77fceaec10add43966a', '2012-09-28 08:57:27', '2012-09-28 08:54:22', '2012-09-28 13:57:03'),
  (52, 0, 'f221cba1957e5e4600efce7404fb9d5a56e4f276', 'active', 'name', '', 'obak_ami', '', '', '', '', '', '', '', '0000-00-00', '', '', '', '', '', '563925ce61210b7c2ae1233b1cf6a69265a1f3b4', 'girl.team2009@gmail.com', 0, '', '', '', '', '2d0358a87960842cca2c9977d8c149c04d29ee4d', '2012-09-28 09:47:59', '2012-09-28 09:45:39', '2012-09-28 14:47:35'),
  (53, 0, 'ac29b21e54773af408042400592323291f06188c', 'active', 'রেজওয়ান তানিম', '', 'rezwantanim', '', '', '', '', '', '', '', '0000-00-00', '', '', '', '', '', '344c5a7ab9e37a7d1b0e3daf9dbe8fa0527969fc', 'rezwan.tanim@gmail.com', 0, '', '', '', '', 'f4166c0980d89854c9082abf78aa178697d510a0', NULL, '2012-09-28 09:58:18', '2012-09-28 14:58:28'),
  (54, 0, '07aa55ca90aa817c67b5c24be9ea02940dc72b8c', 'active', 'name', '', 'sunnyrahman', '', '', '', '', '', '', '', '0000-00-00', '', '', '', '', '', 'f2f61db7b497c9e795b1d1a593469213be53a965', 'sunny_sssking@yahoo.com', 0, '', '', '', '', '06b7268a3de15b991099cf7f822b57b918c9f8e1', NULL, '2012-09-28 13:19:53', '2012-09-28 23:03:02'),
  (59, 0, '06753323dfa53643429d126ffacb4384c50f449f', 'active', 'Sohel Rana', '', 'srana', '', '', '', '', '', '', '', '0000-00-00', '', '', '', '', '', 'b6423f31ce663b4aa4ac5c4d3c0a03673d1e8b9d', 'mdsohelsharif@gmail.com', 0, '', '', '', '', '358de1946f0f36fc6206f8ef7b20432b198fdafc', NULL, '2012-09-30 12:14:37', '2012-09-30 15:57:26'),
  (60, 0, 'ce3542646e7082749f431495a8d5d3e928dcd897', 'active', 'lilaboti', 'নারী', 'lilaboti', 'লীলাবতী', '', '', '', 'ডাক্তার', '', '', '0000-00-00', '', 'Array', '', '', '', 'f1145fad0225515a8162970d562394ebc9116e87', 'poriparo@ymail.com', 0, '', '', '', '', '4ce9bcdda0f3dcf80b5cf21e4cb98e7a36d739ea', '2012-09-30 21:59:59', '2012-09-30 16:06:47', '2012-10-01 03:04:35'),
  (61, 0, 'cb44951e9548dcfa921bbe712fec9b376a2609d1', 'active', 'অনিন্দ্য অন্তর অপু', 'পুরুষ', 'sujonsarkar', '', 'পটুয়াখালী ', 'বাংলাদেশ', '', 'ছাত্র', '', 'লেখালেখি', '0000-00-00', ' “আমি কবি নই, শব্দ শ্রমিক। শব্দের লাল হাতুড়ি পেটাই ভুল বোধে ভুল চেতনায়।”- রুদ্র মুহম্মদ শহীদুল্লাহ\r\n\r\nমাঝে মাঝে আমার মধ্যে একটা ভূত চেপে বসে। সেই ভূতটা আমায় দিয়ে কিছু বলিয়ে নিতে চায়। আমার ভিতরে আলোড়ন তুলে আমায় তোলপাড় করে ফেলে। ভূতটা কিছুতেই বুঝতে চায়না আমার ক্ষমতা নেই যে আমি আমার ভিতরের “আমি”টাকে শব্দ দিয়ে বাইরে বের করে আনব। তবু চেষ্টা করি। ইদানিং আবিষ্কার করলাম সেই ভূতটা আর কেউ নয়। আমার বিবেক, আমার মনুষ্যত্ববোধ।\r\n\r\nআমি এখানে অন্য কিছু বলতে এসেছি। ঠিক অন্যরকম কিছু যা আমাদের বিবেককে, আমাদের মনুষ্যত্ববোধকে একটু হলেও নাড়া দেবে। আমার লেখাগুলো আমার ভিতরের সেই ভূতের গল্প।\r\n\r\nআমার মধ্যে দুইটা “আমি”র বাস। একটা এই আমি, সুজন সরকার। যে আর পাঁচটা সাধারণ মানুষের মত ভাবে, স্বপ্ন দেখে। আর একটা আমার অন্তর। অনিন্দ্য অন্তর অপু। যে আত্মকেন্দ্রিকতার দেয়াল ভেঙ্গে পৃথিবীটাকে অন্য চোখে দেখে, বদলে দেয়ার স্বপ্ন দেখে প্রচলিত সমাজ, প্রচলিত সব বস্তাগলা পচা নিয়ম নীতির। অপেক্ষা করছি এমন একদিনের যেদিন আমার অন্তর যে স্বপ্ন দেখে, এরকম স্বপ্ন সেদিন দেখবে অনেকেই। সেদিন সত্যি পৃথিবী বদলে যাবে।', 'uploads/user_profile_images/301181_2186688399740_5938306_n.jpg', '', '', ' ', '975c54bd696d57fe92818ef20c33ae6a4689278c', 'sujon251@gmail.com', 0, 'https://www.facebook.com/sujonsarkar', '', 'sujon251', '', '50eac1f3032fbb374a07b9c106e43c895245370f', '2012-09-30 23:29:19', '2012-09-30 23:22:02', '2012-10-01 04:35:28'),
  (62, 0, '2bc978d40da2056fb13a27f6d6d163fbc52e4925', 'active', 'পাহাড়ী', '', 'meherajsarmin1', '', '', '', '', '', '', '', '0000-00-00', '', '', '', '', '', 'bb991572165474cacef5677d374fd882539ddf35', 'sarmincmc@yahoo.com', 0, '', '', '', '', '0691bad239bdb4dcf3d9a9320cf0e92b04837bc1', NULL, '2012-09-30 23:39:13', '2012-09-30 17:39:14'),
  (63, 0, '2316d62bd8e145f1b4235451e1a9ce70196c385d', 'active', 'dollar', 'পুরুষ', 'zinzir', 'জিনজির', 'ঢাকা', 'বাংলাদেশ', '', 'ছাত্র', '', 'লেখালেখি', '0000-00-00', 'জীবন মাত্র শুরু হইছে, কোন বৃত্তান্ত নাই...........দুখিত।', 'uploads/user_profile_images/IMG0398A.jpg', '', '', 'রংধনু', '344c5a7ab9e37a7d1b0e3daf9dbe8fa0527969fc', 'adollark35@yahoo.com', 0, 'http://www.facebook.com/dollar.khan.35', '', '', '', '924c4d3d797d73dd6eed9d10cf4c9cdb85d62a67', '2012-10-01 02:38:27', '2012-10-01 02:36:41', '2012-10-01 07:50:36'),
  (64, 0, '31ea504bb9e0716421f9030c6190b81ec4b653ea', 'active', 'সাজ্জাদ হোসাইন ধূসর', '', 'sazzad77', '', '', '', '', '', '', '', '0000-00-00', '', '', '', '', '', '7ae3d4b84cbbd7897be0accf4eaa1056709decc8', 'sazzad77s@gmail.com', 0, '', '', '', '', '4bfd8e2fe297f661898f796508116890158e37ab', '2012-10-01 09:09:10', '2012-10-01 09:04:40', '2012-10-01 03:08:46'),
  (65, 0, '5eb3fff8203d0ac6fc80633c5add36f7f4d0dbb0', 'active', 'shamim', '', 'shamim', '', '', '', '', '', '', '', '0000-00-00', '', '', '', '', '', 'c672dbbbac3698ff5e3568bf37da02a23405d8fa', 'cse.shamim@gmail.com', 0, '', '', '', '', '4bec51ba26470714a736baff50da992e82b9501b', '2012-10-04 18:57:05', '2012-10-04 18:56:07', '2012-10-04 12:56:42'),
  (66, 0, '4be0bb6fd0079f430c8465be4d7d9d165c80c009', 'active', 'বাংলার অধম', '', 'newAntor', '', '', '', '', '', '', '', '0000-00-00', '', '', '', '', '', '5c0d6c4245b0bdec643d437719b754ca687431eb', 'antor1.duet@gmail.com', 0, '', '', '', '', '2bbf2233a0359f5790774270c92728112d5573ba', '2012-10-10 15:09:53', '2012-10-10 15:07:42', '2012-10-10 09:09:29');

INSERT INTO `user_statuses` (`user_status`) VALUES
  ('active'), ('banned'), ('in-active');


SET FOREIGN_KEY_CHECKS=1;